{
"type": "FeatureCollection",
"name": "manholes",
"features": [
{ "type": "Feature", "properties": { "FID": 1.0, "id": 1, "MANHOLE_PO": null }, "geometry": { "type": "Point", "coordinates": [ 30.8733773, -18.9911295 ] } },
{ "type": "Feature", "properties": { "FID": 2.0, "id": 2, "MANHOLE_PO": null }, "geometry": { "type": "Point", "coordinates": [ 30.8728105, -18.99108 ] } },
{ "type": "Feature", "properties": { "FID": 3.0, "id": 0, "MANHOLE_PO": null }, "geometry": { "type": "Point", "coordinates": [ 30.8722433, -18.9910325 ] } },
{ "type": "Feature", "properties": { "FID": 4.0, "id": 0, "MANHOLE_PO": null }, "geometry": { "type": "Point", "coordinates": [ 30.8716761, -18.9909802 ] } },
{ "type": "Feature", "properties": { "FID": 5.0, "id": 0, "MANHOLE_PO": null }, "geometry": { "type": "Point", "coordinates": [ 30.8711456, -18.9909359 ] } },
{ "type": "Feature", "properties": { "FID": 6.0, "id": 0, "MANHOLE_PO": null }, "geometry": { "type": "Point", "coordinates": [ 30.8705934, -18.9908874 ] } },
{ "type": "Feature", "properties": { "FID": 7.0, "id": 0, "MANHOLE_PO": null }, "geometry": { "type": "Point", "coordinates": [ 30.8705465, -18.991359 ] } },
{ "type": "Feature", "properties": { "FID": 8.0, "id": 0, "MANHOLE_PO": null }, "geometry": { "type": "Point", "coordinates": [ 30.8733279, -18.9915943 ] } },
{ "type": "Feature", "properties": { "FID": 9.0, "id": 0, "MANHOLE_PO": null }, "geometry": { "type": "Point", "coordinates": [ 30.8728472, -18.9915514 ] } },
{ "type": "Feature", "properties": { "FID": 10.0, "id": 0, "MANHOLE_PO": null }, "geometry": { "type": "Point", "coordinates": [ 30.8722784, -18.9915062 ] } },
{ "type": "Feature", "properties": { "FID": 11.0, "id": 0, "MANHOLE_PO": null }, "geometry": { "type": "Point", "coordinates": [ 30.8716832, -18.9914546 ] } },
{ "type": "Feature", "properties": { "FID": 12.0, "id": 0, "MANHOLE_PO": null }, "geometry": { "type": "Point", "coordinates": [ 30.8711157, -18.9914058 ] } },
{ "type": "Feature", "properties": { "FID": 13.0, "id": 0, "MANHOLE_PO": null }, "geometry": { "type": "Point", "coordinates": [ 30.8746294, -18.9912392 ] } },
{ "type": "Feature", "properties": { "FID": 14.0, "id": 0, "MANHOLE_PO": null }, "geometry": { "type": "Point", "coordinates": [ 30.8742523, -18.991205 ] } },
{ "type": "Feature", "properties": { "FID": 15.0, "id": 0, "MANHOLE_PO": null }, "geometry": { "type": "Point", "coordinates": [ 30.8737615, -18.99116 ] } },
{ "type": "Feature", "properties": { "FID": 16.0, "id": 0, "MANHOLE_PO": null }, "geometry": { "type": "Point", "coordinates": [ 30.8747179, -18.9915163 ] } },
{ "type": "Feature", "properties": { "FID": 17.0, "id": 0, "MANHOLE_PO": null }, "geometry": { "type": "Point", "coordinates": [ 30.8746808, -18.9919037 ] } },
{ "type": "Feature", "properties": { "FID": 18.0, "id": 0, "MANHOLE_PO": null }, "geometry": { "type": "Point", "coordinates": [ 30.8746462, -18.9922613 ] } },
{ "type": "Feature", "properties": { "FID": 19.0, "id": 0, "MANHOLE_PO": null }, "geometry": { "type": "Point", "coordinates": [ 30.8746086, -18.9926519 ] } },
{ "type": "Feature", "properties": { "FID": 20.0, "id": 0, "MANHOLE_PO": null }, "geometry": { "type": "Point", "coordinates": [ 30.8763955, -18.9928068 ] } },
{ "type": "Feature", "properties": { "FID": 21.0, "id": 0, "MANHOLE_PO": null }, "geometry": { "type": "Point", "coordinates": [ 30.8760041, -18.9927709 ] } },
{ "type": "Feature", "properties": { "FID": 22.0, "id": 0, "MANHOLE_PO": null }, "geometry": { "type": "Point", "coordinates": [ 30.8755384, -18.9927321 ] } },
{ "type": "Feature", "properties": { "FID": 23.0, "id": 0, "MANHOLE_PO": null }, "geometry": { "type": "Point", "coordinates": [ 30.8750745, -18.9926916 ] } },
{ "type": "Feature", "properties": { "FID": 24.0, "id": 0, "MANHOLE_PO": null }, "geometry": { "type": "Point", "coordinates": [ 30.8742235, -18.9914933 ] } },
{ "type": "Feature", "properties": { "FID": 25.0, "id": 0, "MANHOLE_PO": null }, "geometry": { "type": "Point", "coordinates": [ 30.8741867, -18.991893 ] } },
{ "type": "Feature", "properties": { "FID": 26.0, "id": 0, "MANHOLE_PO": null }, "geometry": { "type": "Point", "coordinates": [ 30.8741473, -18.9922935 ] } },
{ "type": "Feature", "properties": { "FID": 27.0, "id": 0, "MANHOLE_PO": null }, "geometry": { "type": "Point", "coordinates": [ 30.874128, -18.9924019 ] } },
{ "type": "Feature", "properties": { "FID": 28.0, "id": 0, "MANHOLE_PO": null }, "geometry": { "type": "Point", "coordinates": [ 30.8741069, -18.9926077 ] } },
{ "type": "Feature", "properties": { "FID": 29.0, "id": 0, "MANHOLE_PO": null }, "geometry": { "type": "Point", "coordinates": [ 30.8737095, -18.9917018 ] } },
{ "type": "Feature", "properties": { "FID": 30.0, "id": 0, "MANHOLE_PO": null }, "geometry": { "type": "Point", "coordinates": [ 30.873668, -18.9921333 ] } },
{ "type": "Feature", "properties": { "FID": 31.0, "id": 0, "MANHOLE_PO": null }, "geometry": { "type": "Point", "coordinates": [ 30.873626, -18.9925666 ] } },
{ "type": "Feature", "properties": { "FID": 32.0, "id": 0, "MANHOLE_PO": null }, "geometry": { "type": "Point", "coordinates": [ 30.8736009, -18.9928268 ] } },
{ "type": "Feature", "properties": { "FID": 33.0, "id": 0, "MANHOLE_PO": null }, "geometry": { "type": "Point", "coordinates": [ 30.8734771, -18.9928157 ] } },
{ "type": "Feature", "properties": { "FID": 34.0, "id": 0, "MANHOLE_PO": null }, "geometry": { "type": "Point", "coordinates": [ 30.8734053, -18.9928729 ] } },
{ "type": "Feature", "properties": { "FID": 35.0, "id": 0, "MANHOLE_PO": null }, "geometry": { "type": "Point", "coordinates": [ 30.8733725, -18.9932329 ] } },
{ "type": "Feature", "properties": { "FID": 36.0, "id": 0, "MANHOLE_PO": null }, "geometry": { "type": "Point", "coordinates": [ 30.8735615, -18.993249 ] } },
{ "type": "Feature", "properties": { "FID": 37.0, "id": 0, "MANHOLE_PO": null }, "geometry": { "type": "Point", "coordinates": [ 30.8735263, -18.9936173 ] } },
{ "type": "Feature", "properties": { "FID": 38.0, "id": 0, "MANHOLE_PO": null }, "geometry": { "type": "Point", "coordinates": [ 30.8734911, -18.9939849 ] } },
{ "type": "Feature", "properties": { "FID": 39.0, "id": 0, "MANHOLE_PO": null }, "geometry": { "type": "Point", "coordinates": [ 30.8734599, -18.9942996 ] } },
{ "type": "Feature", "properties": { "FID": 40.0, "id": 0, "MANHOLE_PO": null }, "geometry": { "type": "Point", "coordinates": [ 30.873079, -18.9942657 ] } },
{ "type": "Feature", "properties": { "FID": 41.0, "id": 0, "MANHOLE_PO": null }, "geometry": { "type": "Point", "coordinates": [ 30.873042, -18.9946597 ] } },
{ "type": "Feature", "properties": { "FID": 42.0, "id": 0, "MANHOLE_PO": null }, "geometry": { "type": "Point", "coordinates": [ 30.8730015, -18.9950664 ] } },
{ "type": "Feature", "properties": { "FID": 43.0, "id": 0, "MANHOLE_PO": null }, "geometry": { "type": "Point", "coordinates": [ 30.8728983, -18.995058 ] } },
{ "type": "Feature", "properties": { "FID": 44.0, "id": 0, "MANHOLE_PO": null }, "geometry": { "type": "Point", "coordinates": [ 30.8729708, -18.9943023 ] } },
{ "type": "Feature", "properties": { "FID": 45.0, "id": 0, "MANHOLE_PO": null }, "geometry": { "type": "Point", "coordinates": [ 30.8729353, -18.9946798 ] } },
{ "type": "Feature", "properties": { "FID": 46.0, "id": 0, "MANHOLE_PO": null }, "geometry": { "type": "Point", "coordinates": [ 30.8727651, -18.9951535 ] } },
{ "type": "Feature", "properties": { "FID": 47.0, "id": 0, "MANHOLE_PO": null }, "geometry": { "type": "Point", "coordinates": [ 30.8727437, -18.9953617 ] } },
{ "type": "Feature", "properties": { "FID": 48.0, "id": 0, "MANHOLE_PO": null }, "geometry": { "type": "Point", "coordinates": [ 30.8731509, -18.9953966 ] } },
{ "type": "Feature", "properties": { "FID": 49.0, "id": 0, "MANHOLE_PO": null }, "geometry": { "type": "Point", "coordinates": [ 30.872266, -18.9953194 ] } },
{ "type": "Feature", "properties": { "FID": 50.0, "id": 0, "MANHOLE_PO": null }, "geometry": { "type": "Point", "coordinates": [ 30.8722971, -18.9949959 ] } },
{ "type": "Feature", "properties": { "FID": 51.0, "id": 0, "MANHOLE_PO": null }, "geometry": { "type": "Point", "coordinates": [ 30.8723194, -18.9947611 ] } },
{ "type": "Feature", "properties": { "FID": 52.0, "id": 0, "MANHOLE_PO": null }, "geometry": { "type": "Point", "coordinates": [ 30.8721934, -18.9948412 ] } },
{ "type": "Feature", "properties": { "FID": 53.0, "id": 0, "MANHOLE_PO": null }, "geometry": { "type": "Point", "coordinates": [ 30.8718196, -18.9948082 ] } },
{ "type": "Feature", "properties": { "FID": 54.0, "id": 0, "MANHOLE_PO": null }, "geometry": { "type": "Point", "coordinates": [ 30.8714512, -18.994775 ] } },
{ "type": "Feature", "properties": { "FID": 55.0, "id": 0, "MANHOLE_PO": null }, "geometry": { "type": "Point", "coordinates": [ 30.8711199, -18.9948805 ] } },
{ "type": "Feature", "properties": { "FID": 56.0, "id": 0, "MANHOLE_PO": null }, "geometry": { "type": "Point", "coordinates": [ 30.8710563, -18.9946897 ] } },
{ "type": "Feature", "properties": { "FID": 57.0, "id": 0, "MANHOLE_PO": null }, "geometry": { "type": "Point", "coordinates": [ 30.8711106, -18.9941628 ] } },
{ "type": "Feature", "properties": { "FID": 58.0, "id": 0, "MANHOLE_PO": null }, "geometry": { "type": "Point", "coordinates": [ 30.8710966, -18.9942804 ] } },
{ "type": "Feature", "properties": { "FID": 59.0, "id": 0, "MANHOLE_PO": null }, "geometry": { "type": "Point", "coordinates": [ 30.8712854, -18.9942969 ] } },
{ "type": "Feature", "properties": { "FID": 60.0, "id": 0, "MANHOLE_PO": null }, "geometry": { "type": "Point", "coordinates": [ 30.8714283, -18.9943017 ] } },
{ "type": "Feature", "properties": { "FID": 61.0, "id": 0, "MANHOLE_PO": null }, "geometry": { "type": "Point", "coordinates": [ 30.8719809, -18.9943515 ] } },
{ "type": "Feature", "properties": { "FID": 62.0, "id": 0, "MANHOLE_PO": null }, "geometry": { "type": "Point", "coordinates": [ 30.8724028, -18.9943893 ] } },
{ "type": "Feature", "properties": { "FID": 63.0, "id": 0, "MANHOLE_PO": null }, "geometry": { "type": "Point", "coordinates": [ 30.873216, -18.99167 ] } },
{ "type": "Feature", "properties": { "FID": 64.0, "id": 0, "MANHOLE_PO": null }, "geometry": { "type": "Point", "coordinates": [ 30.8731536, -18.9922993 ] } },
{ "type": "Feature", "properties": { "FID": 65.0, "id": 0, "MANHOLE_PO": null }, "geometry": { "type": "Point", "coordinates": [ 30.8730703, -18.9931973 ] } },
{ "type": "Feature", "properties": { "FID": 66.0, "id": 0, "MANHOLE_PO": null }, "geometry": { "type": "Point", "coordinates": [ 30.8730338, -18.9935688 ] } },
{ "type": "Feature", "properties": { "FID": 67.0, "id": 0, "MANHOLE_PO": null }, "geometry": { "type": "Point", "coordinates": [ 30.873001, -18.9939404 ] } },
{ "type": "Feature", "properties": { "FID": 68.0, "id": 0, "MANHOLE_PO": null }, "geometry": { "type": "Point", "coordinates": [ 30.8724313, -18.9938926 ] } },
{ "type": "Feature", "properties": { "FID": 69.0, "id": 0, "MANHOLE_PO": null }, "geometry": { "type": "Point", "coordinates": [ 30.8718647, -18.9938418 ] } },
{ "type": "Feature", "properties": { "FID": 70.0, "id": 0, "MANHOLE_PO": null }, "geometry": { "type": "Point", "coordinates": [ 30.8712965, -18.9937921 ] } },
{ "type": "Feature", "properties": { "FID": 71.0, "id": 0, "MANHOLE_PO": null }, "geometry": { "type": "Point", "coordinates": [ 30.8708239, -18.9937503 ] } },
{ "type": "Feature", "properties": { "FID": 72.0, "id": 0, "MANHOLE_PO": null }, "geometry": { "type": "Point", "coordinates": [ 30.8703233, -18.9937068 ] } },
{ "type": "Feature", "properties": { "FID": 73.0, "id": 0, "MANHOLE_PO": null }, "geometry": { "type": "Point", "coordinates": [ 30.8703581, -18.9933353 ] } },
{ "type": "Feature", "properties": { "FID": 74.0, "id": 0, "MANHOLE_PO": null }, "geometry": { "type": "Point", "coordinates": [ 30.8703912, -18.9929745 ] } },
{ "type": "Feature", "properties": { "FID": 75.0, "id": 0, "MANHOLE_PO": null }, "geometry": { "type": "Point", "coordinates": [ 30.8704935, -18.9918945 ] } },
{ "type": "Feature", "properties": { "FID": 76.0, "id": 0, "MANHOLE_PO": null }, "geometry": { "type": "Point", "coordinates": [ 30.8704448, -18.9924349 ] } },
{ "type": "Feature", "properties": { "FID": 77.0, "id": 0, "MANHOLE_PO": null }, "geometry": { "type": "Point", "coordinates": [ 30.8702877, -18.9940727 ] } },
{ "type": "Feature", "properties": { "FID": 78.0, "id": 0, "MANHOLE_PO": null }, "geometry": { "type": "Point", "coordinates": [ 30.8702497, -18.9944279 ] } },
{ "type": "Feature", "properties": { "FID": 79.0, "id": 0, "MANHOLE_PO": null }, "geometry": { "type": "Point", "coordinates": [ 30.8702179, -18.9947955 ] } },
{ "type": "Feature", "properties": { "FID": 80.0, "id": 0, "MANHOLE_PO": null }, "geometry": { "type": "Point", "coordinates": [ 30.8703892, -18.9952831 ] } },
{ "type": "Feature", "properties": { "FID": 81.0, "id": 0, "MANHOLE_PO": null }, "geometry": { "type": "Point", "coordinates": [ 30.8705597, -18.9957694 ] } },
{ "type": "Feature", "properties": { "FID": 82.0, "id": 0, "MANHOLE_PO": null }, "geometry": { "type": "Point", "coordinates": [ 30.8708754, -18.9956708 ] } },
{ "type": "Feature", "properties": { "FID": 83.0, "id": 0, "MANHOLE_PO": null }, "geometry": { "type": "Point", "coordinates": [ 30.8709173, -18.9957954 ] } },
{ "type": "Feature", "properties": { "FID": 84.0, "id": 0, "MANHOLE_PO": null }, "geometry": { "type": "Point", "coordinates": [ 30.870579, -18.9945079 ] } },
{ "type": "Feature", "properties": { "FID": 85.0, "id": 0, "MANHOLE_PO": null }, "geometry": { "type": "Point", "coordinates": [ 30.8705574, -18.9947441 ] } },
{ "type": "Feature", "properties": { "FID": 86.0, "id": 0, "MANHOLE_PO": null }, "geometry": { "type": "Point", "coordinates": [ 30.8707144, -18.9952121 ] } },
{ "type": "Feature", "properties": { "FID": 87.0, "id": 0, "MANHOLE_PO": null }, "geometry": { "type": "Point", "coordinates": [ 30.8712688, -18.9953104 ] } },
{ "type": "Feature", "properties": { "FID": 88.0, "id": 0, "MANHOLE_PO": null }, "geometry": { "type": "Point", "coordinates": [ 30.8713488, -18.99553 ] } },
{ "type": "Feature", "properties": { "FID": 89.0, "id": 0, "MANHOLE_PO": null }, "geometry": { "type": "Point", "coordinates": [ 30.8713315, -18.9957096 ] } },
{ "type": "Feature", "properties": { "FID": 90.0, "id": 0, "MANHOLE_PO": null }, "geometry": { "type": "Point", "coordinates": [ 30.8714595, -18.9952489 ] } },
{ "type": "Feature", "properties": { "FID": 91.0, "id": 0, "MANHOLE_PO": null }, "geometry": { "type": "Point", "coordinates": [ 30.8718629, -18.995287 ] } },
{ "type": "Feature", "properties": { "FID": 92.0, "id": 0, "MANHOLE_PO": null }, "geometry": { "type": "Point", "coordinates": [ 30.8718699, -18.9957576 ] } },
{ "type": "Feature", "properties": { "FID": 93.0, "id": 0, "MANHOLE_PO": null }, "geometry": { "type": "Point", "coordinates": [ 30.872409, -18.9958043 ] } },
{ "type": "Feature", "properties": { "FID": 94.0, "id": 0, "MANHOLE_PO": null }, "geometry": { "type": "Point", "coordinates": [ 30.8729431, -18.9958516 ] } },
{ "type": "Feature", "properties": { "FID": 95.0, "id": 0, "MANHOLE_PO": null }, "geometry": { "type": "Point", "coordinates": [ 30.8734777, -18.9958973 ] } },
{ "type": "Feature", "properties": { "FID": 96.0, "id": 0, "MANHOLE_PO": null }, "geometry": { "type": "Point", "coordinates": [ 30.8735671, -18.9959059 ] } },
{ "type": "Feature", "properties": { "FID": 97.0, "id": 0, "MANHOLE_PO": null }, "geometry": { "type": "Point", "coordinates": [ 30.8735098, -18.9955755 ] } },
{ "type": "Feature", "properties": { "FID": 98.0, "id": 0, "MANHOLE_PO": null }, "geometry": { "type": "Point", "coordinates": [ 30.8735337, -18.9953309 ] } },
{ "type": "Feature", "properties": { "FID": 99.0, "id": 0, "MANHOLE_PO": null }, "geometry": { "type": "Point", "coordinates": [ 30.8723312, -18.996271 ] } },
{ "type": "Feature", "properties": { "FID": 100.0, "id": 0, "MANHOLE_PO": null }, "geometry": { "type": "Point", "coordinates": [ 30.8718442, -18.9962244 ] } },
{ "type": "Feature", "properties": { "FID": 101.0, "id": 0, "MANHOLE_PO": null }, "geometry": { "type": "Point", "coordinates": [ 30.8713568, -18.996181 ] } },
{ "type": "Feature", "properties": { "FID": 102.0, "id": 0, "MANHOLE_PO": null }, "geometry": { "type": "Point", "coordinates": [ 30.8708697, -18.9961404 ] } },
{ "type": "Feature", "properties": { "FID": 103.0, "id": 0, "MANHOLE_PO": null }, "geometry": { "type": "Point", "coordinates": [ 30.8707068, -18.996191 ] } },
{ "type": "Feature", "properties": { "FID": 104.0, "id": 0, "MANHOLE_PO": null }, "geometry": { "type": "Point", "coordinates": [ 30.8708859, -18.9967046 ] } },
{ "type": "Feature", "properties": { "FID": 105.0, "id": 0, "MANHOLE_PO": null }, "geometry": { "type": "Point", "coordinates": [ 30.8710667, -18.9972204 ] } },
{ "type": "Feature", "properties": { "FID": 106.0, "id": 0, "MANHOLE_PO": null }, "geometry": { "type": "Point", "coordinates": [ 30.8712477, -18.9977348 ] } },
{ "type": "Feature", "properties": { "FID": 107.0, "id": 0, "MANHOLE_PO": null }, "geometry": { "type": "Point", "coordinates": [ 30.8713944, -18.9981697 ] } },
{ "type": "Feature", "properties": { "FID": 108.0, "id": 0, "MANHOLE_PO": null }, "geometry": { "type": "Point", "coordinates": [ 30.8727731, -18.997281 ] } },
{ "type": "Feature", "properties": { "FID": 109.0, "id": 0, "MANHOLE_PO": null }, "geometry": { "type": "Point", "coordinates": [ 30.8724604, -18.9974031 ] } },
{ "type": "Feature", "properties": { "FID": 110.0, "id": 0, "MANHOLE_PO": null }, "geometry": { "type": "Point", "coordinates": [ 30.8721077, -18.9976536 ] } },
{ "type": "Feature", "properties": { "FID": 111.0, "id": 0, "MANHOLE_PO": null }, "geometry": { "type": "Point", "coordinates": [ 30.871759, -18.9979094 ] } },
{ "type": "Feature", "properties": { "FID": 112.0, "id": 0, "MANHOLE_PO": null }, "geometry": { "type": "Point", "coordinates": [ 30.8729489, -18.9962508 ] } },
{ "type": "Feature", "properties": { "FID": 113.0, "id": 0, "MANHOLE_PO": null }, "geometry": { "type": "Point", "coordinates": [ 30.8729084, -18.9966688 ] } },
{ "type": "Feature", "properties": { "FID": 114.0, "id": 0, "MANHOLE_PO": null }, "geometry": { "type": "Point", "coordinates": [ 30.8730778, -18.9971604 ] } },
{ "type": "Feature", "properties": { "FID": 115.0, "id": 0, "MANHOLE_PO": null }, "geometry": { "type": "Point", "coordinates": [ 30.8734329, -18.9965989 ] } },
{ "type": "Feature", "properties": { "FID": 116.0, "id": 0, "MANHOLE_PO": null }, "geometry": { "type": "Point", "coordinates": [ 30.8735793, -18.99702 ] } },
{ "type": "Feature", "properties": { "FID": 117.0, "id": 0, "MANHOLE_PO": null }, "geometry": { "type": "Point", "coordinates": [ 30.8737247, -18.9974397 ] } },
{ "type": "Feature", "properties": { "FID": 118.0, "id": 0, "MANHOLE_PO": null }, "geometry": { "type": "Point", "coordinates": [ 30.8732233, -18.9976424 ] } },
{ "type": "Feature", "properties": { "FID": 119.0, "id": 0, "MANHOLE_PO": null }, "geometry": { "type": "Point", "coordinates": [ 30.8727206, -18.9978427 ] } },
{ "type": "Feature", "properties": { "FID": 120.0, "id": 0, "MANHOLE_PO": null }, "geometry": { "type": "Point", "coordinates": [ 30.8724245, -18.9980557 ] } },
{ "type": "Feature", "properties": { "FID": 121.0, "id": 0, "MANHOLE_PO": null }, "geometry": { "type": "Point", "coordinates": [ 30.8721291, -18.9982668 ] } },
{ "type": "Feature", "properties": { "FID": 122.0, "id": 0, "MANHOLE_PO": null }, "geometry": { "type": "Point", "coordinates": [ 30.871851, -18.9984639 ] } },
{ "type": "Feature", "properties": { "FID": 123.0, "id": 0, "MANHOLE_PO": null }, "geometry": { "type": "Point", "coordinates": [ 30.8718185, -18.9983679 ] } },
{ "type": "Feature", "properties": { "FID": 124.0, "id": 0, "MANHOLE_PO": null }, "geometry": { "type": "Point", "coordinates": [ 30.8715735, -18.998664 ] } },
{ "type": "Feature", "properties": { "FID": 125.0, "id": 0, "MANHOLE_PO": null }, "geometry": { "type": "Point", "coordinates": [ 30.8757067, -18.9946785 ] } },
{ "type": "Feature", "properties": { "FID": 126.0, "id": 0, "MANHOLE_PO": null }, "geometry": { "type": "Point", "coordinates": [ 30.8753541, -18.9946482 ] } },
{ "type": "Feature", "properties": { "FID": 127.0, "id": 0, "MANHOLE_PO": null }, "geometry": { "type": "Point", "coordinates": [ 30.8749097, -18.9946089 ] } },
{ "type": "Feature", "properties": { "FID": 128.0, "id": 0, "MANHOLE_PO": null }, "geometry": { "type": "Point", "coordinates": [ 30.8744782, -18.9945709 ] } },
{ "type": "Feature", "properties": { "FID": 129.0, "id": 0, "MANHOLE_PO": null }, "geometry": { "type": "Point", "coordinates": [ 30.8744629, -18.9947255 ] } },
{ "type": "Feature", "properties": { "FID": 130.0, "id": 0, "MANHOLE_PO": null }, "geometry": { "type": "Point", "coordinates": [ 30.8741212, -18.9946933 ] } },
{ "type": "Feature", "properties": { "FID": 131.0, "id": 0, "MANHOLE_PO": null }, "geometry": { "type": "Point", "coordinates": [ 30.8740845, -18.9950803 ] } },
{ "type": "Feature", "properties": { "FID": 132.0, "id": 0, "MANHOLE_PO": null }, "geometry": { "type": "Point", "coordinates": [ 30.874044, -18.9954752 ] } },
{ "type": "Feature", "properties": { "FID": 133.0, "id": 0, "MANHOLE_PO": null }, "geometry": { "type": "Point", "coordinates": [ 30.8739984, -18.9954727 ] } },
{ "type": "Feature", "properties": { "FID": 134.0, "id": 0, "MANHOLE_PO": null }, "geometry": { "type": "Point", "coordinates": [ 30.8739792, -18.9956376 ] } },
{ "type": "Feature", "properties": { "FID": 135.0, "id": 0, "MANHOLE_PO": null }, "geometry": { "type": "Point", "coordinates": [ 30.8740156, -18.9957653 ] } },
{ "type": "Feature", "properties": { "FID": 136.0, "id": 0, "MANHOLE_PO": null }, "geometry": { "type": "Point", "coordinates": [ 30.8739983, -18.9959437 ] } },
{ "type": "Feature", "properties": { "FID": 137.0, "id": 0, "MANHOLE_PO": null }, "geometry": { "type": "Point", "coordinates": [ 30.8745659, -18.9959944 ] } },
{ "type": "Feature", "properties": { "FID": 138.0, "id": 0, "MANHOLE_PO": null }, "geometry": { "type": "Point", "coordinates": [ 30.8756312, -18.9956152 ] } },
{ "type": "Feature", "properties": { "FID": 139.0, "id": 0, "MANHOLE_PO": null }, "geometry": { "type": "Point", "coordinates": [ 30.8752816, -18.9955841 ] } },
{ "type": "Feature", "properties": { "FID": 140.0, "id": 0, "MANHOLE_PO": null }, "geometry": { "type": "Point", "coordinates": [ 30.8748574, -18.9955474 ] } },
{ "type": "Feature", "properties": { "FID": 141.0, "id": 0, "MANHOLE_PO": null }, "geometry": { "type": "Point", "coordinates": [ 30.8744692, -18.9955139 ] } },
{ "type": "Feature", "properties": { "FID": 142.0, "id": 0, "MANHOLE_PO": null }, "geometry": { "type": "Point", "coordinates": [ 30.8756781, -18.9951489 ] } },
{ "type": "Feature", "properties": { "FID": 143.0, "id": 0, "MANHOLE_PO": null }, "geometry": { "type": "Point", "coordinates": [ 30.8753089, -18.9951168 ] } },
{ "type": "Feature", "properties": { "FID": 144.0, "id": 0, "MANHOLE_PO": null }, "geometry": { "type": "Point", "coordinates": [ 30.8748659, -18.9950766 ] } },
{ "type": "Feature", "properties": { "FID": 145.0, "id": 0, "MANHOLE_PO": null }, "geometry": { "type": "Point", "coordinates": [ 30.8745159, -18.9950465 ] } },
{ "type": "Feature", "properties": { "FID": 146.0, "id": 0, "MANHOLE_PO": null }, "geometry": { "type": "Point", "coordinates": [ 30.8761548, -18.9942755 ] } },
{ "type": "Feature", "properties": { "FID": 147.0, "id": 0, "MANHOLE_PO": null }, "geometry": { "type": "Point", "coordinates": [ 30.8761598, -18.9942119 ] } },
{ "type": "Feature", "properties": { "FID": 148.0, "id": 0, "MANHOLE_PO": null }, "geometry": { "type": "Point", "coordinates": [ 30.8757321, -18.9941736 ] } },
{ "type": "Feature", "properties": { "FID": 149.0, "id": 0, "MANHOLE_PO": null }, "geometry": { "type": "Point", "coordinates": [ 30.8752985, -18.994136 ] } },
{ "type": "Feature", "properties": { "FID": 150.0, "id": 0, "MANHOLE_PO": null }, "geometry": { "type": "Point", "coordinates": [ 30.8751531, -18.9941296 ] } },
{ "type": "Feature", "properties": { "FID": 151.0, "id": 0, "MANHOLE_PO": null }, "geometry": { "type": "Point", "coordinates": [ 30.8745879, -18.9940813 ] } },
{ "type": "Feature", "properties": { "FID": 152.0, "id": 0, "MANHOLE_PO": null }, "geometry": { "type": "Point", "coordinates": [ 30.8739935, -18.9940295 ] } },
{ "type": "Feature", "properties": { "FID": 153.0, "id": 0, "MANHOLE_PO": null }, "geometry": { "type": "Point", "coordinates": [ 30.8758142, -18.9936972 ] } },
{ "type": "Feature", "properties": { "FID": 154.0, "id": 0, "MANHOLE_PO": null }, "geometry": { "type": "Point", "coordinates": [ 30.8753372, -18.9936575 ] } },
{ "type": "Feature", "properties": { "FID": 155.0, "id": 0, "MANHOLE_PO": null }, "geometry": { "type": "Point", "coordinates": [ 30.8747696, -18.9936077 ] } },
{ "type": "Feature", "properties": { "FID": 156.0, "id": 0, "MANHOLE_PO": null }, "geometry": { "type": "Point", "coordinates": [ 30.8743585, -18.9935723 ] } },
{ "type": "Feature", "properties": { "FID": 157.0, "id": 0, "MANHOLE_PO": null }, "geometry": { "type": "Point", "coordinates": [ 30.8742187, -18.993552 ] } },
{ "type": "Feature", "properties": { "FID": 158.0, "id": 0, "MANHOLE_PO": null }, "geometry": { "type": "Point", "coordinates": [ 30.8740297, -18.9935353 ] } },
{ "type": "Feature", "properties": { "FID": 159.0, "id": 0, "MANHOLE_PO": null }, "geometry": { "type": "Point", "coordinates": [ 30.8740132, -18.9936958 ] } },
{ "type": "Feature", "properties": { "FID": 160.0, "id": 0, "MANHOLE_PO": null }, "geometry": { "type": "Point", "coordinates": [ 30.8740132, -18.9938331 ] } },
{ "type": "Feature", "properties": { "FID": 161.0, "id": 0, "MANHOLE_PO": null }, "geometry": { "type": "Point", "coordinates": [ 30.8758741, -18.9932323 ] } },
{ "type": "Feature", "properties": { "FID": 162.0, "id": 0, "MANHOLE_PO": null }, "geometry": { "type": "Point", "coordinates": [ 30.8753829, -18.9931905 ] } },
{ "type": "Feature", "properties": { "FID": 163.0, "id": 0, "MANHOLE_PO": null }, "geometry": { "type": "Point", "coordinates": [ 30.8748915, -18.9931469 ] } },
{ "type": "Feature", "properties": { "FID": 164.0, "id": 0, "MANHOLE_PO": null }, "geometry": { "type": "Point", "coordinates": [ 30.8744809, -18.9931113 ] } },
{ "type": "Feature", "properties": { "FID": 165.0, "id": 0, "MANHOLE_PO": null }, "geometry": { "type": "Point", "coordinates": [ 30.8740717, -18.9930768 ] } },
{ "type": "Feature", "properties": { "FID": 166.0, "id": 0, "MANHOLE_PO": null }, "geometry": { "type": "Point", "coordinates": [ 30.8740819, -18.9929679 ] } },
{ "type": "Feature", "properties": { "FID": 167.0, "id": 0, "MANHOLE_PO": null }, "geometry": { "type": "Point", "coordinates": [ 30.8762617, -18.9931698 ] } },
{ "type": "Feature", "properties": { "FID": 168.0, "id": 0, "MANHOLE_PO": null }, "geometry": { "type": "Point", "coordinates": [ 30.8762304, -18.9934914 ] } },
{ "type": "Feature", "properties": { "FID": 169.0, "id": 0, "MANHOLE_PO": null }, "geometry": { "type": "Point", "coordinates": [ 30.8761972, -18.9938514 ] } },
{ "type": "Feature", "properties": { "FID": 170.0, "id": 0, "MANHOLE_PO": null }, "geometry": { "type": "Point", "coordinates": [ 30.8848323, -18.9909332 ] } },
{ "type": "Feature", "properties": { "FID": 171.0, "id": 0, "MANHOLE_PO": null }, "geometry": { "type": "Point", "coordinates": [ 30.8848451, -18.9908411 ] } },
{ "type": "Feature", "properties": { "FID": 172.0, "id": 0, "MANHOLE_PO": null }, "geometry": { "type": "Point", "coordinates": [ 30.8846562, -18.9908341 ] } },
{ "type": "Feature", "properties": { "FID": 173.0, "id": 0, "MANHOLE_PO": null }, "geometry": { "type": "Point", "coordinates": [ 30.884088, -18.9907942 ] } },
{ "type": "Feature", "properties": { "FID": 174.0, "id": 0, "MANHOLE_PO": null }, "geometry": { "type": "Point", "coordinates": [ 30.8835199, -18.9907527 ] } },
{ "type": "Feature", "properties": { "FID": 175.0, "id": 0, "MANHOLE_PO": null }, "geometry": { "type": "Point", "coordinates": [ 30.8829517, -18.9907128 ] } },
{ "type": "Feature", "properties": { "FID": 176.0, "id": 0, "MANHOLE_PO": null }, "geometry": { "type": "Point", "coordinates": [ 30.8823852, -18.9906729 ] } },
{ "type": "Feature", "properties": { "FID": 177.0, "id": 0, "MANHOLE_PO": null }, "geometry": { "type": "Point", "coordinates": [ 30.8818178, -18.990633 ] } },
{ "type": "Feature", "properties": { "FID": 178.0, "id": 0, "MANHOLE_PO": null }, "geometry": { "type": "Point", "coordinates": [ 30.8812488, -18.9905963 ] } },
{ "type": "Feature", "properties": { "FID": 179.0, "id": 0, "MANHOLE_PO": null }, "geometry": { "type": "Point", "coordinates": [ 30.8812346, -18.9907902 ] } },
{ "type": "Feature", "properties": { "FID": 180.0, "id": 0, "MANHOLE_PO": null }, "geometry": { "type": "Point", "coordinates": [ 30.8812385, -18.9908801 ] } },
{ "type": "Feature", "properties": { "FID": 181.0, "id": 0, "MANHOLE_PO": null }, "geometry": { "type": "Point", "coordinates": [ 30.8806806, -18.9905587 ] } },
{ "type": "Feature", "properties": { "FID": 182.0, "id": 0, "MANHOLE_PO": null }, "geometry": { "type": "Point", "coordinates": [ 30.8801099, -18.9905196 ] } },
{ "type": "Feature", "properties": { "FID": 183.0, "id": 0, "MANHOLE_PO": null }, "geometry": { "type": "Point", "coordinates": [ 30.8795425, -18.990482 ] } },
{ "type": "Feature", "properties": { "FID": 184.0, "id": 0, "MANHOLE_PO": null }, "geometry": { "type": "Point", "coordinates": [ 30.8790571, -18.9904443 ] } },
{ "type": "Feature", "properties": { "FID": 185.0, "id": 0, "MANHOLE_PO": null }, "geometry": { "type": "Point", "coordinates": [ 30.8790354, -18.9904424 ] } },
{ "type": "Feature", "properties": { "FID": 186.0, "id": 0, "MANHOLE_PO": null }, "geometry": { "type": "Point", "coordinates": [ 30.8793163, -18.9906819 ] } },
{ "type": "Feature", "properties": { "FID": 187.0, "id": 0, "MANHOLE_PO": null }, "geometry": { "type": "Point", "coordinates": [ 30.8789985, -18.9907757 ] } },
{ "type": "Feature", "properties": { "FID": 188.0, "id": 0, "MANHOLE_PO": null }, "geometry": { "type": "Point", "coordinates": [ 30.8792826, -18.9909643 ] } },
{ "type": "Feature", "properties": { "FID": 189.0, "id": 0, "MANHOLE_PO": null }, "geometry": { "type": "Point", "coordinates": [ 30.878966, -18.9911286 ] } },
{ "type": "Feature", "properties": { "FID": 190.0, "id": 0, "MANHOLE_PO": null }, "geometry": { "type": "Point", "coordinates": [ 30.879253, -18.9912536 ] } },
{ "type": "Feature", "properties": { "FID": 191.0, "id": 0, "MANHOLE_PO": null }, "geometry": { "type": "Point", "coordinates": [ 30.8794619, -18.9912639 ] } },
{ "type": "Feature", "properties": { "FID": 192.0, "id": 0, "MANHOLE_PO": null }, "geometry": { "type": "Point", "coordinates": [ 30.8798127, -18.9912982 ] } },
{ "type": "Feature", "properties": { "FID": 193.0, "id": 0, "MANHOLE_PO": null }, "geometry": { "type": "Point", "coordinates": [ 30.8801637, -18.9913181 ] } },
{ "type": "Feature", "properties": { "FID": 194.0, "id": 0, "MANHOLE_PO": null }, "geometry": { "type": "Point", "coordinates": [ 30.8801319, -18.9915835 ] } },
{ "type": "Feature", "properties": { "FID": 195.0, "id": 0, "MANHOLE_PO": null }, "geometry": { "type": "Point", "coordinates": [ 30.8807403, -18.9916215 ] } },
{ "type": "Feature", "properties": { "FID": 196.0, "id": 0, "MANHOLE_PO": null }, "geometry": { "type": "Point", "coordinates": [ 30.8794196, -18.9917002 ] } },
{ "type": "Feature", "properties": { "FID": 197.0, "id": 0, "MANHOLE_PO": null }, "geometry": { "type": "Point", "coordinates": [ 30.8799135, -18.9921235 ] } },
{ "type": "Feature", "properties": { "FID": 198.0, "id": 0, "MANHOLE_PO": null }, "geometry": { "type": "Point", "coordinates": [ 30.8804866, -18.9921762 ] } },
{ "type": "Feature", "properties": { "FID": 199.0, "id": 0, "MANHOLE_PO": null }, "geometry": { "type": "Point", "coordinates": [ 30.8810546, -18.9922289 ] } },
{ "type": "Feature", "properties": { "FID": 200.0, "id": 0, "MANHOLE_PO": null }, "geometry": { "type": "Point", "coordinates": [ 30.881195, -18.9922321 ] } },
{ "type": "Feature", "properties": { "FID": 201.0, "id": 0, "MANHOLE_PO": null }, "geometry": { "type": "Point", "coordinates": [ 30.8811492, -18.9918533 ] } },
{ "type": "Feature", "properties": { "FID": 202.0, "id": 0, "MANHOLE_PO": null }, "geometry": { "type": "Point", "coordinates": [ 30.8811877, -18.9914269 ] } },
{ "type": "Feature", "properties": { "FID": 203.0, "id": 0, "MANHOLE_PO": null }, "geometry": { "type": "Point", "coordinates": [ 30.8811049, -18.991091 ] } },
{ "type": "Feature", "properties": { "FID": 204.0, "id": 0, "MANHOLE_PO": null }, "geometry": { "type": "Point", "coordinates": [ 30.8809909, -18.991083 ] } },
{ "type": "Feature", "properties": { "FID": 205.0, "id": 0, "MANHOLE_PO": null }, "geometry": { "type": "Point", "coordinates": [ 30.880421, -18.9910434 ] } },
{ "type": "Feature", "properties": { "FID": 206.0, "id": 0, "MANHOLE_PO": null }, "geometry": { "type": "Point", "coordinates": [ 30.8798524, -18.9910039 ] } },
{ "type": "Feature", "properties": { "FID": 207.0, "id": 0, "MANHOLE_PO": null }, "geometry": { "type": "Point", "coordinates": [ 30.8816678, -18.9927399 ] } },
{ "type": "Feature", "properties": { "FID": 208.0, "id": 0, "MANHOLE_PO": null }, "geometry": { "type": "Point", "coordinates": [ 30.8814189, -18.9927187 ] } },
{ "type": "Feature", "properties": { "FID": 209.0, "id": 0, "MANHOLE_PO": null }, "geometry": { "type": "Point", "coordinates": [ 30.8808524, -18.9926717 ] } },
{ "type": "Feature", "properties": { "FID": 210.0, "id": 0, "MANHOLE_PO": null }, "geometry": { "type": "Point", "coordinates": [ 30.8802895, -18.9926143 ] } },
{ "type": "Feature", "properties": { "FID": 211.0, "id": 0, "MANHOLE_PO": null }, "geometry": { "type": "Point", "coordinates": [ 30.8797231, -18.9925649 ] } },
{ "type": "Feature", "properties": { "FID": 212.0, "id": 0, "MANHOLE_PO": null }, "geometry": { "type": "Point", "coordinates": [ 30.879299, -18.992212 ] } },
{ "type": "Feature", "properties": { "FID": 213.0, "id": 0, "MANHOLE_PO": null }, "geometry": { "type": "Point", "coordinates": [ 30.8788797, -18.9918663 ] } },
{ "type": "Feature", "properties": { "FID": 214.0, "id": 0, "MANHOLE_PO": null }, "geometry": { "type": "Point", "coordinates": [ 30.8789018, -18.9916441 ] } },
{ "type": "Feature", "properties": { "FID": 215.0, "id": 0, "MANHOLE_PO": null }, "geometry": { "type": "Point", "coordinates": [ 30.8787698, -18.9916319 ] } },
{ "type": "Feature", "properties": { "FID": 216.0, "id": 0, "MANHOLE_PO": null }, "geometry": { "type": "Point", "coordinates": [ 30.878597, -18.9915412 ] } },
{ "type": "Feature", "properties": { "FID": 217.0, "id": 0, "MANHOLE_PO": null }, "geometry": { "type": "Point", "coordinates": [ 30.8783933, -18.9915158 ] } },
{ "type": "Feature", "properties": { "FID": 218.0, "id": 0, "MANHOLE_PO": null }, "geometry": { "type": "Point", "coordinates": [ 30.878434, -18.9911376 ] } },
{ "type": "Feature", "properties": { "FID": 219.0, "id": 0, "MANHOLE_PO": null }, "geometry": { "type": "Point", "coordinates": [ 30.8783446, -18.9911334 ] } },
{ "type": "Feature", "properties": { "FID": 220.0, "id": 0, "MANHOLE_PO": null }, "geometry": { "type": "Point", "coordinates": [ 30.8779896, -18.9908381 ] } },
{ "type": "Feature", "properties": { "FID": 221.0, "id": 0, "MANHOLE_PO": null }, "geometry": { "type": "Point", "coordinates": [ 30.8779244, -18.9908326 ] } },
{ "type": "Feature", "properties": { "FID": 222.0, "id": 0, "MANHOLE_PO": null }, "geometry": { "type": "Point", "coordinates": [ 30.8779393, -18.9906506 ] } },
{ "type": "Feature", "properties": { "FID": 223.0, "id": 0, "MANHOLE_PO": null }, "geometry": { "type": "Point", "coordinates": [ 30.8785494, -18.9908756 ] } },
{ "type": "Feature", "properties": { "FID": 224.0, "id": 0, "MANHOLE_PO": null }, "geometry": { "type": "Point", "coordinates": [ 30.8767272, -18.9935023 ] } },
{ "type": "Feature", "properties": { "FID": 225.0, "id": 0, "MANHOLE_PO": null }, "geometry": { "type": "Point", "coordinates": [ 30.876745, -18.9932861 ] } },
{ "type": "Feature", "properties": { "FID": 226.0, "id": 0, "MANHOLE_PO": null }, "geometry": { "type": "Point", "coordinates": [ 30.8767978, -18.9927501 ] } },
{ "type": "Feature", "properties": { "FID": 227.0, "id": 0, "MANHOLE_PO": null }, "geometry": { "type": "Point", "coordinates": [ 30.876849, -18.9922085 ] } },
{ "type": "Feature", "properties": { "FID": 228.0, "id": 0, "MANHOLE_PO": null }, "geometry": { "type": "Point", "coordinates": [ 30.8769021, -18.9916683 ] } },
{ "type": "Feature", "properties": { "FID": 229.0, "id": 0, "MANHOLE_PO": null }, "geometry": { "type": "Point", "coordinates": [ 30.8769514, -18.9911291 ] } },
{ "type": "Feature", "properties": { "FID": 230.0, "id": 0, "MANHOLE_PO": null }, "geometry": { "type": "Point", "coordinates": [ 30.8770055, -18.9905872 ] } },
{ "type": "Feature", "properties": { "FID": 231.0, "id": 0, "MANHOLE_PO": null }, "geometry": { "type": "Point", "coordinates": [ 30.8775093, -18.9906216 ] } },
{ "type": "Feature", "properties": { "FID": 232.0, "id": 0, "MANHOLE_PO": null }, "geometry": { "type": "Point", "coordinates": [ 30.8773782, -18.9918628 ] } },
{ "type": "Feature", "properties": { "FID": 233.0, "id": 0, "MANHOLE_PO": null }, "geometry": { "type": "Point", "coordinates": [ 30.8773869, -18.9917006 ] } },
{ "type": "Feature", "properties": { "FID": 234.0, "id": 0, "MANHOLE_PO": null }, "geometry": { "type": "Point", "coordinates": [ 30.8774374, -18.9911538 ] } },
{ "type": "Feature", "properties": { "FID": 235.0, "id": 0, "MANHOLE_PO": null }, "geometry": { "type": "Point", "coordinates": [ 30.8817523, -18.9909185 ] } },
{ "type": "Feature", "properties": { "FID": 236.0, "id": 0, "MANHOLE_PO": null }, "geometry": { "type": "Point", "coordinates": [ 30.8817268, -18.9912173 ] } },
{ "type": "Feature", "properties": { "FID": 237.0, "id": 0, "MANHOLE_PO": null }, "geometry": { "type": "Point", "coordinates": [ 30.8816783, -18.9917434 ] } },
{ "type": "Feature", "properties": { "FID": 238.0, "id": 0, "MANHOLE_PO": null }, "geometry": { "type": "Point", "coordinates": [ 30.8816221, -18.9922877 ] } },
{ "type": "Feature", "properties": { "FID": 239.0, "id": 0, "MANHOLE_PO": null }, "geometry": { "type": "Point", "coordinates": [ 30.8815894, -18.9926278 ] } },
{ "type": "Feature", "properties": { "FID": 240.0, "id": 0, "MANHOLE_PO": null }, "geometry": { "type": "Point", "coordinates": [ 30.8821161, -18.9917826 ] } },
{ "type": "Feature", "properties": { "FID": 241.0, "id": 0, "MANHOLE_PO": null }, "geometry": { "type": "Point", "coordinates": [ 30.8821021, -18.9919622 ] } },
{ "type": "Feature", "properties": { "FID": 242.0, "id": 0, "MANHOLE_PO": null }, "geometry": { "type": "Point", "coordinates": [ 30.8821626, -18.9920743 ] } },
{ "type": "Feature", "properties": { "FID": 243.0, "id": 0, "MANHOLE_PO": null }, "geometry": { "type": "Point", "coordinates": [ 30.884601, -18.9919606 ] } },
{ "type": "Feature", "properties": { "FID": 244.0, "id": 0, "MANHOLE_PO": null }, "geometry": { "type": "Point", "coordinates": [ 30.8843887, -18.9919486 ] } },
{ "type": "Feature", "properties": { "FID": 245.0, "id": 0, "MANHOLE_PO": null }, "geometry": { "type": "Point", "coordinates": [ 30.8838139, -18.991907 ] } },
{ "type": "Feature", "properties": { "FID": 246.0, "id": 0, "MANHOLE_PO": null }, "geometry": { "type": "Point", "coordinates": [ 30.8832524, -18.9918688 ] } },
{ "type": "Feature", "properties": { "FID": 247.0, "id": 0, "MANHOLE_PO": null }, "geometry": { "type": "Point", "coordinates": [ 30.88268, -18.9918245 ] } },
{ "type": "Feature", "properties": { "FID": 248.0, "id": 0, "MANHOLE_PO": null }, "geometry": { "type": "Point", "coordinates": [ 30.8842122, -18.992414 ] } },
{ "type": "Feature", "properties": { "FID": 249.0, "id": 0, "MANHOLE_PO": null }, "geometry": { "type": "Point", "coordinates": [ 30.8840702, -18.9924044 ] } },
{ "type": "Feature", "properties": { "FID": 250.0, "id": 0, "MANHOLE_PO": null }, "geometry": { "type": "Point", "coordinates": [ 30.8835071, -18.9923598 ] } },
{ "type": "Feature", "properties": { "FID": 251.0, "id": 0, "MANHOLE_PO": null }, "geometry": { "type": "Point", "coordinates": [ 30.8829355, -18.9923198 ] } },
{ "type": "Feature", "properties": { "FID": 252.0, "id": 0, "MANHOLE_PO": null }, "geometry": { "type": "Point", "coordinates": [ 30.8823622, -18.9922878 ] } },
{ "type": "Feature", "properties": { "FID": 253.0, "id": 0, "MANHOLE_PO": null }, "geometry": { "type": "Point", "coordinates": [ 30.882145, -18.9922694 ] } },
{ "type": "Feature", "properties": { "FID": 254.0, "id": 0, "MANHOLE_PO": null }, "geometry": { "type": "Point", "coordinates": [ 30.8842057, -18.992931 ] } },
{ "type": "Feature", "properties": { "FID": 255.0, "id": 0, "MANHOLE_PO": null }, "geometry": { "type": "Point", "coordinates": [ 30.8836376, -18.992884 ] } },
{ "type": "Feature", "properties": { "FID": 256.0, "id": 0, "MANHOLE_PO": null }, "geometry": { "type": "Point", "coordinates": [ 30.8830779, -18.992837 ] } },
{ "type": "Feature", "properties": { "FID": 257.0, "id": 0, "MANHOLE_PO": null }, "geometry": { "type": "Point", "coordinates": [ 30.8825131, -18.9927939 ] } },
{ "type": "Feature", "properties": { "FID": 258.0, "id": 0, "MANHOLE_PO": null }, "geometry": { "type": "Point", "coordinates": [ 30.8821973, -18.9927617 ] } },
{ "type": "Feature", "properties": { "FID": 259.0, "id": 0, "MANHOLE_PO": null }, "geometry": { "type": "Point", "coordinates": [ 30.8821358, -18.9933942 ] } },
{ "type": "Feature", "properties": { "FID": 260.0, "id": 0, "MANHOLE_PO": null }, "geometry": { "type": "Point", "coordinates": [ 30.8823589, -18.9934119 ] } },
{ "type": "Feature", "properties": { "FID": 261.0, "id": 0, "MANHOLE_PO": null }, "geometry": { "type": "Point", "coordinates": [ 30.8824602, -18.9933359 ] } },
{ "type": "Feature", "properties": { "FID": 262.0, "id": 0, "MANHOLE_PO": null }, "geometry": { "type": "Point", "coordinates": [ 30.8825688, -18.9933491 ] } },
{ "type": "Feature", "properties": { "FID": 263.0, "id": 0, "MANHOLE_PO": null }, "geometry": { "type": "Point", "coordinates": [ 30.8831376, -18.9934017 ] } },
{ "type": "Feature", "properties": { "FID": 264.0, "id": 0, "MANHOLE_PO": null }, "geometry": { "type": "Point", "coordinates": [ 30.8837042, -18.9934384 ] } },
{ "type": "Feature", "properties": { "FID": 265.0, "id": 0, "MANHOLE_PO": null }, "geometry": { "type": "Point", "coordinates": [ 30.8842643, -18.9934866 ] } },
{ "type": "Feature", "properties": { "FID": 266.0, "id": 0, "MANHOLE_PO": null }, "geometry": { "type": "Point", "coordinates": [ 30.8842867, -18.9932713 ] } },
{ "type": "Feature", "properties": { "FID": 267.0, "id": 0, "MANHOLE_PO": null }, "geometry": { "type": "Point", "coordinates": [ 30.8845215, -18.9932883 ] } },
{ "type": "Feature", "properties": { "FID": 268.0, "id": 0, "MANHOLE_PO": null }, "geometry": { "type": "Point", "coordinates": [ 30.8845505, -18.9930475 ] } },
{ "type": "Feature", "properties": { "FID": 269.0, "id": 0, "MANHOLE_PO": null }, "geometry": { "type": "Point", "coordinates": [ 30.8846413, -18.9923453 ] } },
{ "type": "Feature", "properties": { "FID": 270.0, "id": 0, "MANHOLE_PO": null }, "geometry": { "type": "Point", "coordinates": [ 30.8845735, -18.9929492 ] } },
{ "type": "Feature", "properties": { "FID": 271.0, "id": 0, "MANHOLE_PO": null }, "geometry": { "type": "Point", "coordinates": [ 30.8819546, -18.9938357 ] } },
{ "type": "Feature", "properties": { "FID": 272.0, "id": 0, "MANHOLE_PO": null }, "geometry": { "type": "Point", "coordinates": [ 30.8820999, -18.9938501 ] } },
{ "type": "Feature", "properties": { "FID": 273.0, "id": 0, "MANHOLE_PO": null }, "geometry": { "type": "Point", "coordinates": [ 30.8823623, -18.9938706 ] } },
{ "type": "Feature", "properties": { "FID": 274.0, "id": 0, "MANHOLE_PO": null }, "geometry": { "type": "Point", "coordinates": [ 30.8829037, -18.9939102 ] } },
{ "type": "Feature", "properties": { "FID": 275.0, "id": 0, "MANHOLE_PO": null }, "geometry": { "type": "Point", "coordinates": [ 30.8821175, -18.9935209 ] } },
{ "type": "Feature", "properties": { "FID": 276.0, "id": 0, "MANHOLE_PO": null }, "geometry": { "type": "Point", "coordinates": [ 30.8821247, -18.9936117 ] } },
{ "type": "Feature", "properties": { "FID": 277.0, "id": 0, "MANHOLE_PO": null }, "geometry": { "type": "Point", "coordinates": [ 30.8845378, -18.9940482 ] } },
{ "type": "Feature", "properties": { "FID": 278.0, "id": 0, "MANHOLE_PO": null }, "geometry": { "type": "Point", "coordinates": [ 30.8839797, -18.994002 ] } },
{ "type": "Feature", "properties": { "FID": 279.0, "id": 0, "MANHOLE_PO": null }, "geometry": { "type": "Point", "coordinates": [ 30.8833448, -18.9939518 ] } },
{ "type": "Feature", "properties": { "FID": 280.0, "id": 0, "MANHOLE_PO": null }, "geometry": { "type": "Point", "coordinates": [ 30.8838576, -18.9945337 ] } },
{ "type": "Feature", "properties": { "FID": 281.0, "id": 0, "MANHOLE_PO": null }, "geometry": { "type": "Point", "coordinates": [ 30.8832945, -18.9944874 ] } },
{ "type": "Feature", "properties": { "FID": 282.0, "id": 0, "MANHOLE_PO": null }, "geometry": { "type": "Point", "coordinates": [ 30.8829135, -18.9944592 ] } },
{ "type": "Feature", "properties": { "FID": 283.0, "id": 0, "MANHOLE_PO": null }, "geometry": { "type": "Point", "coordinates": [ 30.882616, -18.9944383 ] } },
{ "type": "Feature", "properties": { "FID": 284.0, "id": 0, "MANHOLE_PO": null }, "geometry": { "type": "Point", "coordinates": [ 30.8826261, -18.9943032 ] } },
{ "type": "Feature", "properties": { "FID": 285.0, "id": 0, "MANHOLE_PO": null }, "geometry": { "type": "Point", "coordinates": [ 30.8825616, -18.9949707 ] } },
{ "type": "Feature", "properties": { "FID": 286.0, "id": 0, "MANHOLE_PO": null }, "geometry": { "type": "Point", "coordinates": [ 30.8825345, -18.9951947 ] } },
{ "type": "Feature", "properties": { "FID": 287.0, "id": 0, "MANHOLE_PO": null }, "geometry": { "type": "Point", "coordinates": [ 30.8829256, -18.9952231 ] } },
{ "type": "Feature", "properties": { "FID": 288.0, "id": 0, "MANHOLE_PO": null }, "geometry": { "type": "Point", "coordinates": [ 30.8834985, -18.9952885 ] } },
{ "type": "Feature", "properties": { "FID": 289.0, "id": 0, "MANHOLE_PO": null }, "geometry": { "type": "Point", "coordinates": [ 30.8839193, -18.9950801 ] } },
{ "type": "Feature", "properties": { "FID": 290.0, "id": 0, "MANHOLE_PO": null }, "geometry": { "type": "Point", "coordinates": [ 30.8843584, -18.9948799 ] } },
{ "type": "Feature", "properties": { "FID": 291.0, "id": 0, "MANHOLE_PO": null }, "geometry": { "type": "Point", "coordinates": [ 30.8844003, -18.9944714 ] } },
{ "type": "Feature", "properties": { "FID": 292.0, "id": 0, "MANHOLE_PO": null }, "geometry": { "type": "Point", "coordinates": [ 30.8844382, -18.9941242 ] } },
{ "type": "Feature", "properties": { "FID": 293.0, "id": 0, "MANHOLE_PO": null }, "geometry": { "type": "Point", "coordinates": [ 30.8820537, -18.9943945 ] } },
{ "type": "Feature", "properties": { "FID": 294.0, "id": 0, "MANHOLE_PO": null }, "geometry": { "type": "Point", "coordinates": [ 30.881994, -18.9948839 ] } },
{ "type": "Feature", "properties": { "FID": 295.0, "id": 0, "MANHOLE_PO": null }, "geometry": { "type": "Point", "coordinates": [ 30.881971, -18.9951175 ] } },
{ "type": "Feature", "properties": { "FID": 296.0, "id": 0, "MANHOLE_PO": null }, "geometry": { "type": "Point", "coordinates": [ 30.8819414, -18.9952126 ] } },
{ "type": "Feature", "properties": { "FID": 297.0, "id": 0, "MANHOLE_PO": null }, "geometry": { "type": "Point", "coordinates": [ 30.8819145, -18.9954828 ] } },
{ "type": "Feature", "properties": { "FID": 298.0, "id": 0, "MANHOLE_PO": null }, "geometry": { "type": "Point", "coordinates": [ 30.8825946, -18.9955415 ] } },
{ "type": "Feature", "properties": { "FID": 299.0, "id": 0, "MANHOLE_PO": null }, "geometry": { "type": "Point", "coordinates": [ 30.881659, -18.9954544 ] } },
{ "type": "Feature", "properties": { "FID": 300.0, "id": 0, "MANHOLE_PO": null }, "geometry": { "type": "Point", "coordinates": [ 30.8825358, -18.9960834 ] } },
{ "type": "Feature", "properties": { "FID": 301.0, "id": 0, "MANHOLE_PO": null }, "geometry": { "type": "Point", "coordinates": [ 30.8819795, -18.9960293 ] } },
{ "type": "Feature", "properties": { "FID": 302.0, "id": 0, "MANHOLE_PO": null }, "geometry": { "type": "Point", "coordinates": [ 30.8815951, -18.9960058 ] } },
{ "type": "Feature", "properties": { "FID": 303.0, "id": 0, "MANHOLE_PO": null }, "geometry": { "type": "Point", "coordinates": [ 30.8815254, -18.9965579 ] } },
{ "type": "Feature", "properties": { "FID": 304.0, "id": 0, "MANHOLE_PO": null }, "geometry": { "type": "Point", "coordinates": [ 30.8814625, -18.9970981 ] } },
{ "type": "Feature", "properties": { "FID": 305.0, "id": 0, "MANHOLE_PO": null }, "geometry": { "type": "Point", "coordinates": [ 30.8816881, -18.9971182 ] } },
{ "type": "Feature", "properties": { "FID": 306.0, "id": 0, "MANHOLE_PO": null }, "geometry": { "type": "Point", "coordinates": [ 30.8840512, -18.9972125 ] } },
{ "type": "Feature", "properties": { "FID": 307.0, "id": 0, "MANHOLE_PO": null }, "geometry": { "type": "Point", "coordinates": [ 30.8836158, -18.9968913 ] } },
{ "type": "Feature", "properties": { "FID": 308.0, "id": 0, "MANHOLE_PO": null }, "geometry": { "type": "Point", "coordinates": [ 30.8832462, -18.9966237 ] } },
{ "type": "Feature", "properties": { "FID": 309.0, "id": 0, "MANHOLE_PO": null }, "geometry": { "type": "Point", "coordinates": [ 30.8828592, -18.9966678 ] } },
{ "type": "Feature", "properties": { "FID": 310.0, "id": 0, "MANHOLE_PO": null }, "geometry": { "type": "Point", "coordinates": [ 30.8825976, -18.9969894 ] } },
{ "type": "Feature", "properties": { "FID": 311.0, "id": 0, "MANHOLE_PO": null }, "geometry": { "type": "Point", "coordinates": [ 30.8824572, -18.997178 ] } },
{ "type": "Feature", "properties": { "FID": 312.0, "id": 0, "MANHOLE_PO": null }, "geometry": { "type": "Point", "coordinates": [ 30.884177, -18.9978182 ] } },
{ "type": "Feature", "properties": { "FID": 313.0, "id": 0, "MANHOLE_PO": null }, "geometry": { "type": "Point", "coordinates": [ 30.8838211, -18.9977815 ] } },
{ "type": "Feature", "properties": { "FID": 314.0, "id": 0, "MANHOLE_PO": null }, "geometry": { "type": "Point", "coordinates": [ 30.8833828, -18.9974598 ] } },
{ "type": "Feature", "properties": { "FID": 315.0, "id": 0, "MANHOLE_PO": null }, "geometry": { "type": "Point", "coordinates": [ 30.8829469, -18.9971414 ] } },
{ "type": "Feature", "properties": { "FID": 316.0, "id": 0, "MANHOLE_PO": null }, "geometry": { "type": "Point", "coordinates": [ 30.8828073, -18.9971398 ] } },
{ "type": "Feature", "properties": { "FID": 317.0, "id": 0, "MANHOLE_PO": null }, "geometry": { "type": "Point", "coordinates": [ 30.8820286, -18.9974038 ] } },
{ "type": "Feature", "properties": { "FID": 318.0, "id": 0, "MANHOLE_PO": null }, "geometry": { "type": "Point", "coordinates": [ 30.8833031, -18.9984713 ] } },
{ "type": "Feature", "properties": { "FID": 319.0, "id": 0, "MANHOLE_PO": null }, "geometry": { "type": "Point", "coordinates": [ 30.8828781, -18.9981152 ] } },
{ "type": "Feature", "properties": { "FID": 320.0, "id": 0, "MANHOLE_PO": null }, "geometry": { "type": "Point", "coordinates": [ 30.8824536, -18.9977579 ] } },
{ "type": "Feature", "properties": { "FID": 321.0, "id": 0, "MANHOLE_PO": null }, "geometry": { "type": "Point", "coordinates": [ 30.8836698, -19.0022404 ] } },
{ "type": "Feature", "properties": { "FID": 322.0, "id": 0, "MANHOLE_PO": null }, "geometry": { "type": "Point", "coordinates": [ 30.8831987, -19.002192 ] } },
{ "type": "Feature", "properties": { "FID": 323.0, "id": 0, "MANHOLE_PO": null }, "geometry": { "type": "Point", "coordinates": [ 30.8815597, -19.002038 ] } },
{ "type": "Feature", "properties": { "FID": 324.0, "id": 0, "MANHOLE_PO": null }, "geometry": { "type": "Point", "coordinates": [ 30.8820668, -19.0020884 ] } },
{ "type": "Feature", "properties": { "FID": 325.0, "id": 0, "MANHOLE_PO": null }, "geometry": { "type": "Point", "coordinates": [ 30.8826348, -19.0021402 ] } },
{ "type": "Feature", "properties": { "FID": 326.0, "id": 0, "MANHOLE_PO": null }, "geometry": { "type": "Point", "coordinates": [ 30.8832159, -19.002022 ] } },
{ "type": "Feature", "properties": { "FID": 327.0, "id": 0, "MANHOLE_PO": null }, "geometry": { "type": "Point", "coordinates": [ 30.8833471, -19.0020322 ] } },
{ "type": "Feature", "properties": { "FID": 328.0, "id": 0, "MANHOLE_PO": null }, "geometry": { "type": "Point", "coordinates": [ 30.8833775, -19.0017478 ] } },
{ "type": "Feature", "properties": { "FID": 329.0, "id": 0, "MANHOLE_PO": null }, "geometry": { "type": "Point", "coordinates": [ 30.8828093, -19.0017031 ] } },
{ "type": "Feature", "properties": { "FID": 330.0, "id": 0, "MANHOLE_PO": null }, "geometry": { "type": "Point", "coordinates": [ 30.8822421, -19.0016528 ] } },
{ "type": "Feature", "properties": { "FID": 331.0, "id": 0, "MANHOLE_PO": null }, "geometry": { "type": "Point", "coordinates": [ 30.8820992, -19.0016377 ] } },
{ "type": "Feature", "properties": { "FID": 332.0, "id": 0, "MANHOLE_PO": null }, "geometry": { "type": "Point", "coordinates": [ 30.8821175, -19.0011868 ] } },
{ "type": "Feature", "properties": { "FID": 333.0, "id": 0, "MANHOLE_PO": null }, "geometry": { "type": "Point", "coordinates": [ 30.8822846, -19.0011999 ] } },
{ "type": "Feature", "properties": { "FID": 334.0, "id": 0, "MANHOLE_PO": null }, "geometry": { "type": "Point", "coordinates": [ 30.8828541, -19.0012716 ] } },
{ "type": "Feature", "properties": { "FID": 335.0, "id": 0, "MANHOLE_PO": null }, "geometry": { "type": "Point", "coordinates": [ 30.8834173, -19.0013115 ] } },
{ "type": "Feature", "properties": { "FID": 336.0, "id": 0, "MANHOLE_PO": null }, "geometry": { "type": "Point", "coordinates": [ 30.8836934, -19.0016352 ] } },
{ "type": "Feature", "properties": { "FID": 337.0, "id": 0, "MANHOLE_PO": null }, "geometry": { "type": "Point", "coordinates": [ 30.8837512, -19.0010941 ] } },
{ "type": "Feature", "properties": { "FID": 338.0, "id": 0, "MANHOLE_PO": null }, "geometry": { "type": "Point", "coordinates": [ 30.8837885, -19.0007286 ] } },
{ "type": "Feature", "properties": { "FID": 339.0, "id": 0, "MANHOLE_PO": null }, "geometry": { "type": "Point", "coordinates": [ 30.883481, -19.0007012 ] } },
{ "type": "Feature", "properties": { "FID": 340.0, "id": 0, "MANHOLE_PO": null }, "geometry": { "type": "Point", "coordinates": [ 30.8834664, -19.0008641 ] } },
{ "type": "Feature", "properties": { "FID": 341.0, "id": 0, "MANHOLE_PO": null }, "geometry": { "type": "Point", "coordinates": [ 30.8821892, -19.0007413 ] } },
{ "type": "Feature", "properties": { "FID": 342.0, "id": 0, "MANHOLE_PO": null }, "geometry": { "type": "Point", "coordinates": [ 30.8823362, -19.0007557 ] } },
{ "type": "Feature", "properties": { "FID": 343.0, "id": 0, "MANHOLE_PO": null }, "geometry": { "type": "Point", "coordinates": [ 30.8829019, -19.0008102 ] } },
{ "type": "Feature", "properties": { "FID": 344.0, "id": 0, "MANHOLE_PO": null }, "geometry": { "type": "Point", "coordinates": [ 30.8811433, -19.0023825 ] } },
{ "type": "Feature", "properties": { "FID": 345.0, "id": 0, "MANHOLE_PO": null }, "geometry": { "type": "Point", "coordinates": [ 30.881202, -19.0018406 ] } },
{ "type": "Feature", "properties": { "FID": 346.0, "id": 0, "MANHOLE_PO": null }, "geometry": { "type": "Point", "coordinates": [ 30.8812557, -19.0012971 ] } },
{ "type": "Feature", "properties": { "FID": 347.0, "id": 0, "MANHOLE_PO": null }, "geometry": { "type": "Point", "coordinates": [ 30.881316, -19.0007655 ] } },
{ "type": "Feature", "properties": { "FID": 348.0, "id": 0, "MANHOLE_PO": null }, "geometry": { "type": "Point", "coordinates": [ 30.8817156, -19.0016333 ] } },
{ "type": "Feature", "properties": { "FID": 349.0, "id": 0, "MANHOLE_PO": null }, "geometry": { "type": "Point", "coordinates": [ 30.8817735, -19.0010938 ] } },
{ "type": "Feature", "properties": { "FID": 350.0, "id": 0, "MANHOLE_PO": null }, "geometry": { "type": "Point", "coordinates": [ 30.8818299, -19.0005304 ] } },
{ "type": "Feature", "properties": { "FID": 351.0, "id": 0, "MANHOLE_PO": null }, "geometry": { "type": "Point", "coordinates": [ 30.8816303, -19.000513 ] } },
{ "type": "Feature", "properties": { "FID": 352.0, "id": 0, "MANHOLE_PO": null }, "geometry": { "type": "Point", "coordinates": [ 30.8815043, -19.0002267 ] } },
{ "type": "Feature", "properties": { "FID": 353.0, "id": 0, "MANHOLE_PO": null }, "geometry": { "type": "Point", "coordinates": [ 30.8813706, -19.0002109 ] } },
{ "type": "Feature", "properties": { "FID": 354.0, "id": 0, "MANHOLE_PO": null }, "geometry": { "type": "Point", "coordinates": [ 30.8820706, -19.0002793 ] } },
{ "type": "Feature", "properties": { "FID": 355.0, "id": 0, "MANHOLE_PO": null }, "geometry": { "type": "Point", "coordinates": [ 30.8826374, -19.0003328 ] } },
{ "type": "Feature", "properties": { "FID": 356.0, "id": 0, "MANHOLE_PO": null }, "geometry": { "type": "Point", "coordinates": [ 30.883205, -19.0003878 ] } },
{ "type": "Feature", "properties": { "FID": 357.0, "id": 0, "MANHOLE_PO": null }, "geometry": { "type": "Point", "coordinates": [ 30.8838203, -19.0004466 ] } },
{ "type": "Feature", "properties": { "FID": 358.0, "id": 0, "MANHOLE_PO": null }, "geometry": { "type": "Point", "coordinates": [ 30.883221, -19.0002138 ] } },
{ "type": "Feature", "properties": { "FID": 359.0, "id": 0, "MANHOLE_PO": null }, "geometry": { "type": "Point", "coordinates": [ 30.8832213, -19.0000578 ] } },
{ "type": "Feature", "properties": { "FID": 360.0, "id": 0, "MANHOLE_PO": null }, "geometry": { "type": "Point", "coordinates": [ 30.8813273, -18.9997374 ] } },
{ "type": "Feature", "properties": { "FID": 361.0, "id": 0, "MANHOLE_PO": null }, "geometry": { "type": "Point", "coordinates": [ 30.8815428, -18.9997594 ] } },
{ "type": "Feature", "properties": { "FID": 362.0, "id": 0, "MANHOLE_PO": null }, "geometry": { "type": "Point", "coordinates": [ 30.88211, -18.9998128 ] } },
{ "type": "Feature", "properties": { "FID": 363.0, "id": 0, "MANHOLE_PO": null }, "geometry": { "type": "Point", "coordinates": [ 30.8826726, -18.999866 ] } },
{ "type": "Feature", "properties": { "FID": 364.0, "id": 0, "MANHOLE_PO": null }, "geometry": { "type": "Point", "coordinates": [ 30.8832404, -18.9999204 ] } },
{ "type": "Feature", "properties": { "FID": 365.0, "id": 0, "MANHOLE_PO": null }, "geometry": { "type": "Point", "coordinates": [ 30.8838966, -18.9999808 ] } },
{ "type": "Feature", "properties": { "FID": 366.0, "id": 0, "MANHOLE_PO": null }, "geometry": { "type": "Point", "coordinates": [ 30.8832755, -18.9995608 ] } },
{ "type": "Feature", "properties": { "FID": 367.0, "id": 0, "MANHOLE_PO": null }, "geometry": { "type": "Point", "coordinates": [ 30.8831397, -18.9993867 ] } },
{ "type": "Feature", "properties": { "FID": 368.0, "id": 0, "MANHOLE_PO": null }, "geometry": { "type": "Point", "coordinates": [ 30.8829937, -18.9994916 ] } },
{ "type": "Feature", "properties": { "FID": 369.0, "id": 0, "MANHOLE_PO": null }, "geometry": { "type": "Point", "coordinates": [ 30.8816771, -18.9993063 ] } },
{ "type": "Feature", "properties": { "FID": 370.0, "id": 0, "MANHOLE_PO": null }, "geometry": { "type": "Point", "coordinates": [ 30.8822461, -18.9993549 ] } },
{ "type": "Feature", "properties": { "FID": 371.0, "id": 0, "MANHOLE_PO": null }, "geometry": { "type": "Point", "coordinates": [ 30.8825384, -18.9993822 ] } },
{ "type": "Feature", "properties": { "FID": 372.0, "id": 0, "MANHOLE_PO": null }, "geometry": { "type": "Point", "coordinates": [ 30.8826011, -18.9993176 ] } },
{ "type": "Feature", "properties": { "FID": 373.0, "id": 0, "MANHOLE_PO": null }, "geometry": { "type": "Point", "coordinates": [ 30.8827669, -18.9992026 ] } },
{ "type": "Feature", "properties": { "FID": 374.0, "id": 0, "MANHOLE_PO": null }, "geometry": { "type": "Point", "coordinates": [ 30.8825858, -18.9989742 ] } },
{ "type": "Feature", "properties": { "FID": 375.0, "id": 0, "MANHOLE_PO": null }, "geometry": { "type": "Point", "coordinates": [ 30.8823477, -18.9989205 ] } },
{ "type": "Feature", "properties": { "FID": 376.0, "id": 0, "MANHOLE_PO": null }, "geometry": { "type": "Point", "coordinates": [ 30.8817993, -18.9988029 ] } },
{ "type": "Feature", "properties": { "FID": 377.0, "id": 0, "MANHOLE_PO": null }, "geometry": { "type": "Point", "coordinates": [ 30.8818086, -18.9986972 ] } },
{ "type": "Feature", "properties": { "FID": 378.0, "id": 0, "MANHOLE_PO": null }, "geometry": { "type": "Point", "coordinates": [ 30.8817861, -18.9985911 ] } },
{ "type": "Feature", "properties": { "FID": 379.0, "id": 0, "MANHOLE_PO": null }, "geometry": { "type": "Point", "coordinates": [ 30.8815546, -18.99845 ] } },
{ "type": "Feature", "properties": { "FID": 380.0, "id": 0, "MANHOLE_PO": null }, "geometry": { "type": "Point", "coordinates": [ 30.8815383, -18.9984172 ] } },
{ "type": "Feature", "properties": { "FID": 381.0, "id": 0, "MANHOLE_PO": null }, "geometry": { "type": "Point", "coordinates": [ 30.8814618, -18.9993658 ] } },
{ "type": "Feature", "properties": { "FID": 382.0, "id": 0, "MANHOLE_PO": null }, "geometry": { "type": "Point", "coordinates": [ 30.8815184, -18.9988283 ] } },
{ "type": "Feature", "properties": { "FID": 383.0, "id": 0, "MANHOLE_PO": null }, "geometry": { "type": "Point", "coordinates": [ 30.8835174, -18.999383 ] } },
{ "type": "Feature", "properties": { "FID": 384.0, "id": 0, "MANHOLE_PO": null }, "geometry": { "type": "Point", "coordinates": [ 30.8828825, -18.9985603 ] } },
{ "type": "Feature", "properties": { "FID": 385.0, "id": 0, "MANHOLE_PO": null }, "geometry": { "type": "Point", "coordinates": [ 30.8831804, -18.9989484 ] } },
{ "type": "Feature", "properties": { "FID": 386.0, "id": 0, "MANHOLE_PO": null }, "geometry": { "type": "Point", "coordinates": [ 30.8823763, -18.9984491 ] } },
{ "type": "Feature", "properties": { "FID": 387.0, "id": 0, "MANHOLE_PO": null }, "geometry": { "type": "Point", "coordinates": [ 30.8818342, -18.9983307 ] } },
{ "type": "Feature", "properties": { "FID": 388.0, "id": 0, "MANHOLE_PO": null }, "geometry": { "type": "Point", "coordinates": [ 30.8814297, -18.9983698 ] } },
{ "type": "Feature", "properties": { "FID": 389.0, "id": 0, "MANHOLE_PO": null }, "geometry": { "type": "Point", "coordinates": [ 30.8817903, -18.9982594 ] } },
{ "type": "Feature", "properties": { "FID": 390.0, "id": 0, "MANHOLE_PO": null }, "geometry": { "type": "Point", "coordinates": [ 30.8829279, -18.9985119 ] } },
{ "type": "Feature", "properties": { "FID": 391.0, "id": 0, "MANHOLE_PO": null }, "geometry": { "type": "Point", "coordinates": [ 30.8821808, -18.9981545 ] } },
{ "type": "Feature", "properties": { "FID": 392.0, "id": 0, "MANHOLE_PO": null }, "geometry": { "type": "Point", "coordinates": [ 30.8818752, -18.9978998 ] } },
{ "type": "Feature", "properties": { "FID": 393.0, "id": 0, "MANHOLE_PO": null }, "geometry": { "type": "Point", "coordinates": [ 30.8816397, -18.9977002 ] } },
{ "type": "Feature", "properties": { "FID": 394.0, "id": 0, "MANHOLE_PO": null }, "geometry": { "type": "Point", "coordinates": [ 30.8815807, -18.9981983 ] } },
{ "type": "Feature", "properties": { "FID": 395.0, "id": 0, "MANHOLE_PO": null }, "geometry": { "type": "Point", "coordinates": [ 30.8817517, -18.9975782 ] } },
{ "type": "Feature", "properties": { "FID": 396.0, "id": 0, "MANHOLE_PO": null }, "geometry": { "type": "Point", "coordinates": [ 30.881785, -18.99746 ] } },
{ "type": "Feature", "properties": { "FID": 397.0, "id": 0, "MANHOLE_PO": null }, "geometry": { "type": "Point", "coordinates": [ 30.8819214, -18.9973176 ] } },
{ "type": "Feature", "properties": { "FID": 398.0, "id": 0, "MANHOLE_PO": null }, "geometry": { "type": "Point", "coordinates": [ 30.8723405, -19.0011185 ] } },
{ "type": "Feature", "properties": { "FID": 399.0, "id": 0, "MANHOLE_PO": null }, "geometry": { "type": "Point", "coordinates": [ 30.8745201, -19.0004562 ] } },
{ "type": "Feature", "properties": { "FID": 400.0, "id": 0, "MANHOLE_PO": null }, "geometry": { "type": "Point", "coordinates": [ 30.8772392, -18.9996585 ] } },
{ "type": "Feature", "properties": { "FID": 401.0, "id": 0, "MANHOLE_PO": null }, "geometry": { "type": "Point", "coordinates": [ 30.8791622, -19.0019479 ] } },
{ "type": "Feature", "properties": { "FID": 402.0, "id": 0, "MANHOLE_PO": null }, "geometry": { "type": "Point", "coordinates": [ 30.8795486, -19.0024114 ] } },
{ "type": "Feature", "properties": { "FID": 403.0, "id": 0, "MANHOLE_PO": null }, "geometry": { "type": "Point", "coordinates": [ 30.8799359, -19.0028685 ] } },
{ "type": "Feature", "properties": { "FID": 404.0, "id": 0, "MANHOLE_PO": null }, "geometry": { "type": "Point", "coordinates": [ 30.8783773, -19.001055 ] } },
{ "type": "Feature", "properties": { "FID": 405.0, "id": 0, "MANHOLE_PO": null }, "geometry": { "type": "Point", "coordinates": [ 30.8777781, -19.0002972 ] } },
{ "type": "Feature", "properties": { "FID": 406.0, "id": 0, "MANHOLE_PO": null }, "geometry": { "type": "Point", "coordinates": [ 30.8783558, -18.9993205 ] } },
{ "type": "Feature", "properties": { "FID": 407.0, "id": 0, "MANHOLE_PO": null }, "geometry": { "type": "Point", "coordinates": [ 30.8777781, -18.9995016 ] } },
{ "type": "Feature", "properties": { "FID": 408.0, "id": 0, "MANHOLE_PO": null }, "geometry": { "type": "Point", "coordinates": [ 30.8789301, -18.9991425 ] } },
{ "type": "Feature", "properties": { "FID": 409.0, "id": 0, "MANHOLE_PO": null }, "geometry": { "type": "Point", "coordinates": [ 30.8795061, -18.998963 ] } },
{ "type": "Feature", "properties": { "FID": 410.0, "id": 0, "MANHOLE_PO": null }, "geometry": { "type": "Point", "coordinates": [ 30.880072, -18.9987905 ] } },
{ "type": "Feature", "properties": { "FID": 411.0, "id": 0, "MANHOLE_PO": null }, "geometry": { "type": "Point", "coordinates": [ 30.8809805, -18.9985121 ] } },
{ "type": "Feature", "properties": { "FID": 412.0, "id": 0, "MANHOLE_PO": null }, "geometry": { "type": "Point", "coordinates": [ 30.8844135, -18.9990172 ] } },
{ "type": "Feature", "properties": { "FID": 413.0, "id": 0, "MANHOLE_PO": null }, "geometry": { "type": "Point", "coordinates": [ 30.8848977, -18.9988226 ] } },
{ "type": "Feature", "properties": { "FID": 414.0, "id": 0, "MANHOLE_PO": null }, "geometry": { "type": "Point", "coordinates": [ 30.8853861, -18.9986301 ] } },
{ "type": "Feature", "properties": { "FID": 415.0, "id": 0, "MANHOLE_PO": null }, "geometry": { "type": "Point", "coordinates": [ 30.8858779, -18.9984313 ] } },
{ "type": "Feature", "properties": { "FID": 416.0, "id": 0, "MANHOLE_PO": null }, "geometry": { "type": "Point", "coordinates": [ 30.8863528, -18.9982378 ] } },
{ "type": "Feature", "properties": { "FID": 417.0, "id": 0, "MANHOLE_PO": null }, "geometry": { "type": "Point", "coordinates": [ 30.8865746, -18.9977607 ] } },
{ "type": "Feature", "properties": { "FID": 418.0, "id": 0, "MANHOLE_PO": null }, "geometry": { "type": "Point", "coordinates": [ 30.8871766, -18.9973101 ] } },
{ "type": "Feature", "properties": { "FID": 419.0, "id": 0, "MANHOLE_PO": null }, "geometry": { "type": "Point", "coordinates": [ 30.8859447, -18.9981091 ] } },
{ "type": "Feature", "properties": { "FID": 420.0, "id": 0, "MANHOLE_PO": null }, "geometry": { "type": "Point", "coordinates": [ 30.8876016, -18.9968392 ] } },
{ "type": "Feature", "properties": { "FID": 421.0, "id": 0, "MANHOLE_PO": null }, "geometry": { "type": "Point", "coordinates": [ 30.8885592, -18.9974388 ] } },
{ "type": "Feature", "properties": { "FID": 422.0, "id": 0, "MANHOLE_PO": null }, "geometry": { "type": "Point", "coordinates": [ 30.8890326, -18.9977338 ] } },
{ "type": "Feature", "properties": { "FID": 423.0, "id": 0, "MANHOLE_PO": null }, "geometry": { "type": "Point", "coordinates": [ 30.889511, -18.9976669 ] } },
{ "type": "Feature", "properties": { "FID": 424.0, "id": 0, "MANHOLE_PO": null }, "geometry": { "type": "Point", "coordinates": [ 30.8895346, -18.9973808 ] } },
{ "type": "Feature", "properties": { "FID": 425.0, "id": 0, "MANHOLE_PO": null }, "geometry": { "type": "Point", "coordinates": [ 30.8895549, -18.9971041 ] } },
{ "type": "Feature", "properties": { "FID": 426.0, "id": 0, "MANHOLE_PO": null }, "geometry": { "type": "Point", "coordinates": [ 30.8894997, -18.9980327 ] } },
{ "type": "Feature", "properties": { "FID": 427.0, "id": 0, "MANHOLE_PO": null }, "geometry": { "type": "Point", "coordinates": [ 30.8918878, -18.9983304 ] } },
{ "type": "Feature", "properties": { "FID": 428.0, "id": 0, "MANHOLE_PO": null }, "geometry": { "type": "Point", "coordinates": [ 30.8879142, -18.9963559 ] } },
{ "type": "Feature", "properties": { "FID": 429.0, "id": 0, "MANHOLE_PO": null }, "geometry": { "type": "Point", "coordinates": [ 30.8882364, -18.9958719 ] } },
{ "type": "Feature", "properties": { "FID": 430.0, "id": 0, "MANHOLE_PO": null }, "geometry": { "type": "Point", "coordinates": [ 30.8885583, -18.9953835 ] } },
{ "type": "Feature", "properties": { "FID": 431.0, "id": 0, "MANHOLE_PO": null }, "geometry": { "type": "Point", "coordinates": [ 30.8888832, -18.9948924 ] } },
{ "type": "Feature", "properties": { "FID": 432.0, "id": 0, "MANHOLE_PO": null }, "geometry": { "type": "Point", "coordinates": [ 30.8890376, -18.9948488 ] } },
{ "type": "Feature", "properties": { "FID": 433.0, "id": 0, "MANHOLE_PO": null }, "geometry": { "type": "Point", "coordinates": [ 30.8849749, -19.0029413 ] } },
{ "type": "Feature", "properties": { "FID": 434.0, "id": 0, "MANHOLE_PO": null }, "geometry": { "type": "Point", "coordinates": [ 30.884754, -19.0029149 ] } },
{ "type": "Feature", "properties": { "FID": 435.0, "id": 0, "MANHOLE_PO": null }, "geometry": { "type": "Point", "coordinates": [ 30.8845773, -19.0028985 ] } },
{ "type": "Feature", "properties": { "FID": 436.0, "id": 0, "MANHOLE_PO": null }, "geometry": { "type": "Point", "coordinates": [ 30.8843283, -19.0028838 ] } },
{ "type": "Feature", "properties": { "FID": 437.0, "id": 0, "MANHOLE_PO": null }, "geometry": { "type": "Point", "coordinates": [ 30.8840342, -19.0028549 ] } },
{ "type": "Feature", "properties": { "FID": 438.0, "id": 0, "MANHOLE_PO": null }, "geometry": { "type": "Point", "coordinates": [ 30.8838823, -19.0028325 ] } },
{ "type": "Feature", "properties": { "FID": 439.0, "id": 0, "MANHOLE_PO": null }, "geometry": { "type": "Point", "coordinates": [ 30.8838864, -19.0027689 ] } },
{ "type": "Feature", "properties": { "FID": 440.0, "id": 0, "MANHOLE_PO": null }, "geometry": { "type": "Point", "coordinates": [ 30.8837496, -19.0027419 ] } },
{ "type": "Feature", "properties": { "FID": 441.0, "id": 0, "MANHOLE_PO": null }, "geometry": { "type": "Point", "coordinates": [ 30.8831393, -19.0026888 ] } },
{ "type": "Feature", "properties": { "FID": 442.0, "id": 0, "MANHOLE_PO": null }, "geometry": { "type": "Point", "coordinates": [ 30.8820993, -19.0025894 ] } },
{ "type": "Feature", "properties": { "FID": 443.0, "id": 0, "MANHOLE_PO": null }, "geometry": { "type": "Point", "coordinates": [ 30.8814443, -19.0025317 ] } },
{ "type": "Feature", "properties": { "FID": 444.0, "id": 0, "MANHOLE_PO": null }, "geometry": { "type": "Point", "coordinates": [ 30.8809515, -19.0024863 ] } },
{ "type": "Feature", "properties": { "FID": 445.0, "id": 0, "MANHOLE_PO": null }, "geometry": { "type": "Point", "coordinates": [ 30.8864854, -19.0031065 ] } },
{ "type": "Feature", "properties": { "FID": 446.0, "id": 0, "MANHOLE_PO": null }, "geometry": { "type": "Point", "coordinates": [ 30.8860954, -19.0025913 ] } },
{ "type": "Feature", "properties": { "FID": 447.0, "id": 0, "MANHOLE_PO": null }, "geometry": { "type": "Point", "coordinates": [ 30.8853004, -19.0015719 ] } },
{ "type": "Feature", "properties": { "FID": 448.0, "id": 0, "MANHOLE_PO": null }, "geometry": { "type": "Point", "coordinates": [ 30.8849139, -19.0010472 ] } },
{ "type": "Feature", "properties": { "FID": 449.0, "id": 0, "MANHOLE_PO": null }, "geometry": { "type": "Point", "coordinates": [ 30.8845057, -19.000527 ] } },
{ "type": "Feature", "properties": { "FID": 450.0, "id": 0, "MANHOLE_PO": null }, "geometry": { "type": "Point", "coordinates": [ 30.8841133, -19.0000094 ] } },
{ "type": "Feature", "properties": { "FID": 451.0, "id": 0, "MANHOLE_PO": null }, "geometry": { "type": "Point", "coordinates": [ 30.8835876, -18.9993836 ] } },
{ "type": "Feature", "properties": { "FID": 452.0, "id": 0, "MANHOLE_PO": null }, "geometry": { "type": "Point", "coordinates": [ 30.8831961, -18.9988652 ] } },
{ "type": "Feature", "properties": { "FID": 453.0, "id": 0, "MANHOLE_PO": null }, "geometry": { "type": "Point", "coordinates": [ 30.8808403, -19.0002368 ] } },
{ "type": "Feature", "properties": { "FID": 454.0, "id": 0, "MANHOLE_PO": null }, "geometry": { "type": "Point", "coordinates": [ 30.8809058, -18.9996823 ] } },
{ "type": "Feature", "properties": { "FID": 455.0, "id": 0, "MANHOLE_PO": null }, "geometry": { "type": "Point", "coordinates": [ 30.8809549, -18.9992405 ] } },
{ "type": "Feature", "properties": { "FID": 456.0, "id": 0, "MANHOLE_PO": null }, "geometry": { "type": "Point", "coordinates": [ 30.8809787, -18.9989448 ] } },
{ "type": "Feature", "properties": { "FID": 457.0, "id": 0, "MANHOLE_PO": null }, "geometry": { "type": "Point", "coordinates": [ 30.8809703, -18.9988222 ] } },
{ "type": "Feature", "properties": { "FID": 458.0, "id": 0, "MANHOLE_PO": null }, "geometry": { "type": "Point", "coordinates": [ 30.8804463, -18.9989865 ] } },
{ "type": "Feature", "properties": { "FID": 459.0, "id": 0, "MANHOLE_PO": null }, "geometry": { "type": "Point", "coordinates": [ 30.8798821, -18.9991582 ] } },
{ "type": "Feature", "properties": { "FID": 460.0, "id": 0, "MANHOLE_PO": null }, "geometry": { "type": "Point", "coordinates": [ 30.8792591, -18.9993531 ] } },
{ "type": "Feature", "properties": { "FID": 461.0, "id": 0, "MANHOLE_PO": null }, "geometry": { "type": "Point", "coordinates": [ 30.8788124, -18.999488 ] } },
{ "type": "Feature", "properties": { "FID": 462.0, "id": 0, "MANHOLE_PO": null }, "geometry": { "type": "Point", "coordinates": [ 30.8799886, -18.9995986 ] } },
{ "type": "Feature", "properties": { "FID": 463.0, "id": 0, "MANHOLE_PO": null }, "geometry": { "type": "Point", "coordinates": [ 30.8796026, -18.9997023 ] } },
{ "type": "Feature", "properties": { "FID": 464.0, "id": 0, "MANHOLE_PO": null }, "geometry": { "type": "Point", "coordinates": [ 30.8792448, -18.9998207 ] } },
{ "type": "Feature", "properties": { "FID": 465.0, "id": 0, "MANHOLE_PO": null }, "geometry": { "type": "Point", "coordinates": [ 30.8789912, -18.9999022 ] } },
{ "type": "Feature", "properties": { "FID": 466.0, "id": 0, "MANHOLE_PO": null }, "geometry": { "type": "Point", "coordinates": [ 30.8803733, -19.0001264 ] } },
{ "type": "Feature", "properties": { "FID": 467.0, "id": 0, "MANHOLE_PO": null }, "geometry": { "type": "Point", "coordinates": [ 30.8803984, -18.9998658 ] } },
{ "type": "Feature", "properties": { "FID": 468.0, "id": 0, "MANHOLE_PO": null }, "geometry": { "type": "Point", "coordinates": [ 30.8804526, -18.9994161 ] } },
{ "type": "Feature", "properties": { "FID": 469.0, "id": 0, "MANHOLE_PO": null }, "geometry": { "type": "Point", "coordinates": [ 30.880483, -18.9991237 ] } },
{ "type": "Feature", "properties": { "FID": 470.0, "id": 0, "MANHOLE_PO": null }, "geometry": { "type": "Point", "coordinates": [ 30.8801487, -19.0000284 ] } },
{ "type": "Feature", "properties": { "FID": 471.0, "id": 0, "MANHOLE_PO": null }, "geometry": { "type": "Point", "coordinates": [ 30.8797525, -19.0001464 ] } },
{ "type": "Feature", "properties": { "FID": 472.0, "id": 0, "MANHOLE_PO": null }, "geometry": { "type": "Point", "coordinates": [ 30.8793024, -19.0002924 ] } },
{ "type": "Feature", "properties": { "FID": 473.0, "id": 0, "MANHOLE_PO": null }, "geometry": { "type": "Point", "coordinates": [ 30.879176, -19.0003641 ] } },
{ "type": "Feature", "properties": { "FID": 474.0, "id": 0, "MANHOLE_PO": null }, "geometry": { "type": "Point", "coordinates": [ 30.8788883, -18.9999694 ] } },
{ "type": "Feature", "properties": { "FID": 475.0, "id": 0, "MANHOLE_PO": null }, "geometry": { "type": "Point", "coordinates": [ 30.878596, -18.9995365 ] } },
{ "type": "Feature", "properties": { "FID": 476.0, "id": 0, "MANHOLE_PO": null }, "geometry": { "type": "Point", "coordinates": [ 30.8806835, -19.0013933 ] } },
{ "type": "Feature", "properties": { "FID": 477.0, "id": 0, "MANHOLE_PO": null }, "geometry": { "type": "Point", "coordinates": [ 30.8807223, -19.0010994 ] } },
{ "type": "Feature", "properties": { "FID": 478.0, "id": 0, "MANHOLE_PO": null }, "geometry": { "type": "Point", "coordinates": [ 30.880737, -19.0009978 ] } },
{ "type": "Feature", "properties": { "FID": 479.0, "id": 0, "MANHOLE_PO": null }, "geometry": { "type": "Point", "coordinates": [ 30.8804379, -19.0009721 ] } },
{ "type": "Feature", "properties": { "FID": 480.0, "id": 0, "MANHOLE_PO": null }, "geometry": { "type": "Point", "coordinates": [ 30.8802926, -19.0009529 ] } },
{ "type": "Feature", "properties": { "FID": 481.0, "id": 0, "MANHOLE_PO": null }, "geometry": { "type": "Point", "coordinates": [ 30.8802456, -19.0009619 ] } },
{ "type": "Feature", "properties": { "FID": 482.0, "id": 0, "MANHOLE_PO": null }, "geometry": { "type": "Point", "coordinates": [ 30.8799921, -19.0010354 ] } },
{ "type": "Feature", "properties": { "FID": 483.0, "id": 0, "MANHOLE_PO": null }, "geometry": { "type": "Point", "coordinates": [ 30.8797956, -19.0011015 ] } },
{ "type": "Feature", "properties": { "FID": 484.0, "id": 0, "MANHOLE_PO": null }, "geometry": { "type": "Point", "coordinates": [ 30.8797165, -19.001142 ] } },
{ "type": "Feature", "properties": { "FID": 485.0, "id": 0, "MANHOLE_PO": null }, "geometry": { "type": "Point", "coordinates": [ 30.8793949, -19.0007803 ] } },
{ "type": "Feature", "properties": { "FID": 486.0, "id": 0, "MANHOLE_PO": null }, "geometry": { "type": "Point", "coordinates": [ 30.8809063, -19.0005685 ] } },
{ "type": "Feature", "properties": { "FID": 487.0, "id": 0, "MANHOLE_PO": null }, "geometry": { "type": "Point", "coordinates": [ 30.8805823, -19.0005298 ] } },
{ "type": "Feature", "properties": { "FID": 488.0, "id": 0, "MANHOLE_PO": null }, "geometry": { "type": "Point", "coordinates": [ 30.8802416, -19.0004909 ] } },
{ "type": "Feature", "properties": { "FID": 489.0, "id": 0, "MANHOLE_PO": null }, "geometry": { "type": "Point", "coordinates": [ 30.8801409, -19.0005184 ] } },
{ "type": "Feature", "properties": { "FID": 490.0, "id": 0, "MANHOLE_PO": null }, "geometry": { "type": "Point", "coordinates": [ 30.8797748, -19.0006319 ] } },
{ "type": "Feature", "properties": { "FID": 491.0, "id": 0, "MANHOLE_PO": null }, "geometry": { "type": "Point", "coordinates": [ 30.879429, -19.0007298 ] } },
{ "type": "Feature", "properties": { "FID": 492.0, "id": 0, "MANHOLE_PO": null }, "geometry": { "type": "Point", "coordinates": [ 30.880157, -19.0018845 ] } },
{ "type": "Feature", "properties": { "FID": 493.0, "id": 0, "MANHOLE_PO": null }, "geometry": { "type": "Point", "coordinates": [ 30.8801864, -19.0016144 ] } },
{ "type": "Feature", "properties": { "FID": 494.0, "id": 0, "MANHOLE_PO": null }, "geometry": { "type": "Point", "coordinates": [ 30.8802241, -19.0013459 ] } },
{ "type": "Feature", "properties": { "FID": 495.0, "id": 0, "MANHOLE_PO": null }, "geometry": { "type": "Point", "coordinates": [ 30.8802255, -19.0012345 ] } },
{ "type": "Feature", "properties": { "FID": 496.0, "id": 0, "MANHOLE_PO": null }, "geometry": { "type": "Point", "coordinates": [ 30.8800677, -19.0012757 ] } },
{ "type": "Feature", "properties": { "FID": 497.0, "id": 0, "MANHOLE_PO": null }, "geometry": { "type": "Point", "coordinates": [ 30.8834639, -19.0049296 ] } },
{ "type": "Feature", "properties": { "FID": 498.0, "id": 0, "MANHOLE_PO": null }, "geometry": { "type": "Point", "coordinates": [ 30.8835185, -19.0045802 ] } },
{ "type": "Feature", "properties": { "FID": 499.0, "id": 0, "MANHOLE_PO": null }, "geometry": { "type": "Point", "coordinates": [ 30.8835482, -19.0040841 ] } },
{ "type": "Feature", "properties": { "FID": 500.0, "id": 0, "MANHOLE_PO": null }, "geometry": { "type": "Point", "coordinates": [ 30.8835867, -19.0036899 ] } },
{ "type": "Feature", "properties": { "FID": 501.0, "id": 0, "MANHOLE_PO": null }, "geometry": { "type": "Point", "coordinates": [ 30.8836248, -19.003318 ] } },
{ "type": "Feature", "properties": { "FID": 502.0, "id": 0, "MANHOLE_PO": null }, "geometry": { "type": "Point", "coordinates": [ 30.8829693, -19.0048857 ] } },
{ "type": "Feature", "properties": { "FID": 503.0, "id": 0, "MANHOLE_PO": null }, "geometry": { "type": "Point", "coordinates": [ 30.8830235, -19.0044361 ] } },
{ "type": "Feature", "properties": { "FID": 504.0, "id": 0, "MANHOLE_PO": null }, "geometry": { "type": "Point", "coordinates": [ 30.8830649, -19.0040769 ] } },
{ "type": "Feature", "properties": { "FID": 505.0, "id": 0, "MANHOLE_PO": null }, "geometry": { "type": "Point", "coordinates": [ 30.8831008, -19.0036191 ] } },
{ "type": "Feature", "properties": { "FID": 506.0, "id": 0, "MANHOLE_PO": null }, "geometry": { "type": "Point", "coordinates": [ 30.8825423, -19.0043955 ] } },
{ "type": "Feature", "properties": { "FID": 507.0, "id": 0, "MANHOLE_PO": null }, "geometry": { "type": "Point", "coordinates": [ 30.882588, -19.0039569 ] } },
{ "type": "Feature", "properties": { "FID": 508.0, "id": 0, "MANHOLE_PO": null }, "geometry": { "type": "Point", "coordinates": [ 30.8826273, -19.003496 ] } },
{ "type": "Feature", "properties": { "FID": 509.0, "id": 0, "MANHOLE_PO": null }, "geometry": { "type": "Point", "coordinates": [ 30.8831248, -19.0033075 ] } },
{ "type": "Feature", "properties": { "FID": 510.0, "id": 0, "MANHOLE_PO": null }, "geometry": { "type": "Point", "coordinates": [ 30.8826569, -19.0032735 ] } },
{ "type": "Feature", "properties": { "FID": 511.0, "id": 0, "MANHOLE_PO": null }, "geometry": { "type": "Point", "coordinates": [ 30.8821758, -19.0032203 ] } },
{ "type": "Feature", "properties": { "FID": 512.0, "id": 0, "MANHOLE_PO": null }, "geometry": { "type": "Point", "coordinates": [ 30.8821236, -19.0039071 ] } },
{ "type": "Feature", "properties": { "FID": 513.0, "id": 0, "MANHOLE_PO": null }, "geometry": { "type": "Point", "coordinates": [ 30.8820677, -19.0043583 ] } },
{ "type": "Feature", "properties": { "FID": 514.0, "id": 0, "MANHOLE_PO": null }, "geometry": { "type": "Point", "coordinates": [ 30.8826012, -19.0047654 ] } },
{ "type": "Feature", "properties": { "FID": 515.0, "id": 0, "MANHOLE_PO": null }, "geometry": { "type": "Point", "coordinates": [ 30.8822721, -19.0047345 ] } },
{ "type": "Feature", "properties": { "FID": 516.0, "id": 0, "MANHOLE_PO": null }, "geometry": { "type": "Point", "coordinates": [ 30.882033, -19.0047238 ] } },
{ "type": "Feature", "properties": { "FID": 517.0, "id": 0, "MANHOLE_PO": null }, "geometry": { "type": "Point", "coordinates": [ 30.8816066, -19.0043148 ] } },
{ "type": "Feature", "properties": { "FID": 518.0, "id": 0, "MANHOLE_PO": null }, "geometry": { "type": "Point", "coordinates": [ 30.8816392, -19.003857 ] } },
{ "type": "Feature", "properties": { "FID": 519.0, "id": 0, "MANHOLE_PO": null }, "geometry": { "type": "Point", "coordinates": [ 30.8816816, -19.0034151 ] } },
{ "type": "Feature", "properties": { "FID": 520.0, "id": 0, "MANHOLE_PO": null }, "geometry": { "type": "Point", "coordinates": [ 30.8817113, -19.0031832 ] } },
{ "type": "Feature", "properties": { "FID": 521.0, "id": 0, "MANHOLE_PO": null }, "geometry": { "type": "Point", "coordinates": [ 30.8816688, -19.0046879 ] } },
{ "type": "Feature", "properties": { "FID": 522.0, "id": 0, "MANHOLE_PO": null }, "geometry": { "type": "Point", "coordinates": [ 30.8812796, -19.0046428 ] } },
{ "type": "Feature", "properties": { "FID": 523.0, "id": 0, "MANHOLE_PO": null }, "geometry": { "type": "Point", "coordinates": [ 30.881039, -19.0046242 ] } },
{ "type": "Feature", "properties": { "FID": 524.0, "id": 0, "MANHOLE_PO": null }, "geometry": { "type": "Point", "coordinates": [ 30.8810979, -19.0039995 ] } },
{ "type": "Feature", "properties": { "FID": 525.0, "id": 0, "MANHOLE_PO": null }, "geometry": { "type": "Point", "coordinates": [ 30.8811651, -19.0034498 ] } },
{ "type": "Feature", "properties": { "FID": 526.0, "id": 0, "MANHOLE_PO": null }, "geometry": { "type": "Point", "coordinates": [ 30.8811823, -19.0031445 ] } },
{ "type": "Feature", "properties": { "FID": 527.0, "id": 0, "MANHOLE_PO": null }, "geometry": { "type": "Point", "coordinates": [ 30.8841592, -19.0026615 ] } },
{ "type": "Feature", "properties": { "FID": 528.0, "id": 0, "MANHOLE_PO": null }, "geometry": { "type": "Point", "coordinates": [ 30.8842145, -19.0021243 ] } },
{ "type": "Feature", "properties": { "FID": 529.0, "id": 0, "MANHOLE_PO": null }, "geometry": { "type": "Point", "coordinates": [ 30.8842604, -19.001673 ] } },
{ "type": "Feature", "properties": { "FID": 530.0, "id": 0, "MANHOLE_PO": null }, "geometry": { "type": "Point", "coordinates": [ 30.8858361, -19.0024643 ] } },
{ "type": "Feature", "properties": { "FID": 531.0, "id": 0, "MANHOLE_PO": null }, "geometry": { "type": "Point", "coordinates": [ 30.8852596, -19.0024163 ] } },
{ "type": "Feature", "properties": { "FID": 532.0, "id": 0, "MANHOLE_PO": null }, "geometry": { "type": "Point", "coordinates": [ 30.8846633, -19.002349 ] } },
{ "type": "Feature", "properties": { "FID": 533.0, "id": 0, "MANHOLE_PO": null }, "geometry": { "type": "Point", "coordinates": [ 30.884518, -19.0023314 ] } },
{ "type": "Feature", "properties": { "FID": 534.0, "id": 0, "MANHOLE_PO": null }, "geometry": { "type": "Point", "coordinates": [ 30.8854033, -19.0019008 ] } },
{ "type": "Feature", "properties": { "FID": 535.0, "id": 0, "MANHOLE_PO": null }, "geometry": { "type": "Point", "coordinates": [ 30.8849506, -19.0018495 ] } },
{ "type": "Feature", "properties": { "FID": 536.0, "id": 0, "MANHOLE_PO": null }, "geometry": { "type": "Point", "coordinates": [ 30.8845798, -19.0018119 ] } },
{ "type": "Feature", "properties": { "FID": 537.0, "id": 0, "MANHOLE_PO": null }, "geometry": { "type": "Point", "coordinates": [ 30.8848758, -19.0012854 ] } },
{ "type": "Feature", "properties": { "FID": 538.0, "id": 0, "MANHOLE_PO": null }, "geometry": { "type": "Point", "coordinates": [ 30.8845367, -19.0012481 ] } },
{ "type": "Feature", "properties": { "FID": 539.0, "id": 0, "MANHOLE_PO": null }, "geometry": { "type": "Point", "coordinates": [ 30.8840539, -19.0011996 ] } },
{ "type": "Feature", "properties": { "FID": 540.0, "id": 0, "MANHOLE_PO": null }, "geometry": { "type": "Point", "coordinates": [ 30.883998, -19.001654 ] } },
{ "type": "Feature", "properties": { "FID": 541.0, "id": 0, "MANHOLE_PO": null }, "geometry": { "type": "Point", "coordinates": [ 30.8857112, -19.0013618 ] } },
{ "type": "Feature", "properties": { "FID": 542.0, "id": 0, "MANHOLE_PO": null }, "geometry": { "type": "Point", "coordinates": [ 30.88523, -19.0013149 ] } },
{ "type": "Feature", "properties": { "FID": 543.0, "id": 0, "MANHOLE_PO": null }, "geometry": { "type": "Point", "coordinates": [ 30.886115, -19.0030275 ] } },
{ "type": "Feature", "properties": { "FID": 544.0, "id": 0, "MANHOLE_PO": null }, "geometry": { "type": "Point", "coordinates": [ 30.8855872, -19.0029642 ] } },
{ "type": "Feature", "properties": { "FID": 545.0, "id": 0, "MANHOLE_PO": null }, "geometry": { "type": "Point", "coordinates": [ 30.8858268, -19.0038611 ] } },
{ "type": "Feature", "properties": { "FID": 546.0, "id": 0, "MANHOLE_PO": null }, "geometry": { "type": "Point", "coordinates": [ 30.8851284, -19.0037959 ] } },
{ "type": "Feature", "properties": { "FID": 547.0, "id": 0, "MANHOLE_PO": null }, "geometry": { "type": "Point", "coordinates": [ 30.8845905, -19.003742 ] } },
{ "type": "Feature", "properties": { "FID": 548.0, "id": 0, "MANHOLE_PO": null }, "geometry": { "type": "Point", "coordinates": [ 30.884534, -19.0042441 ] } },
{ "type": "Feature", "properties": { "FID": 549.0, "id": 0, "MANHOLE_PO": null }, "geometry": { "type": "Point", "coordinates": [ 30.884485, -19.0046795 ] } },
{ "type": "Feature", "properties": { "FID": 550.0, "id": 0, "MANHOLE_PO": null }, "geometry": { "type": "Point", "coordinates": [ 30.8864673, -19.0048008 ] } },
{ "type": "Feature", "properties": { "FID": 551.0, "id": 0, "MANHOLE_PO": null }, "geometry": { "type": "Point", "coordinates": [ 30.8856285, -19.0047244 ] } },
{ "type": "Feature", "properties": { "FID": 552.0, "id": 0, "MANHOLE_PO": null }, "geometry": { "type": "Point", "coordinates": [ 30.8849302, -19.004656 ] } },
{ "type": "Feature", "properties": { "FID": 553.0, "id": 0, "MANHOLE_PO": null }, "geometry": { "type": "Point", "coordinates": [ 30.884496, -19.0046033 ] } },
{ "type": "Feature", "properties": { "FID": 554.0, "id": 0, "MANHOLE_PO": null }, "geometry": { "type": "Point", "coordinates": [ 30.8864962, -19.0043652 ] } },
{ "type": "Feature", "properties": { "FID": 555.0, "id": 0, "MANHOLE_PO": null }, "geometry": { "type": "Point", "coordinates": [ 30.8857978, -19.0043063 ] } },
{ "type": "Feature", "properties": { "FID": 556.0, "id": 0, "MANHOLE_PO": null }, "geometry": { "type": "Point", "coordinates": [ 30.8853868, -19.0042634 ] } },
{ "type": "Feature", "properties": { "FID": 557.0, "id": 0, "MANHOLE_PO": null }, "geometry": { "type": "Point", "coordinates": [ 30.8848356, -19.004203 ] } },
{ "type": "Feature", "properties": { "FID": 558.0, "id": 0, "MANHOLE_PO": null }, "geometry": { "type": "Point", "coordinates": [ 30.884834, -19.0040598 ] } },
{ "type": "Feature", "properties": { "FID": 559.0, "id": 0, "MANHOLE_PO": null }, "geometry": { "type": "Point", "coordinates": [ 30.8847618, -19.003954 ] } },
{ "type": "Feature", "properties": { "FID": 560.0, "id": 0, "MANHOLE_PO": null }, "geometry": { "type": "Point", "coordinates": [ 30.88437, -19.0037172 ] } },
{ "type": "Feature", "properties": { "FID": 561.0, "id": 0, "MANHOLE_PO": null }, "geometry": { "type": "Point", "coordinates": [ 30.8840503, -19.0046555 ] } },
{ "type": "Feature", "properties": { "FID": 562.0, "id": 0, "MANHOLE_PO": null }, "geometry": { "type": "Point", "coordinates": [ 30.8840796, -19.0041912 ] } },
{ "type": "Feature", "properties": { "FID": 563.0, "id": 0, "MANHOLE_PO": null }, "geometry": { "type": "Point", "coordinates": [ 30.8841175, -19.0038416 ] } },
{ "type": "Feature", "properties": { "FID": 564.0, "id": 0, "MANHOLE_PO": null }, "geometry": { "type": "Point", "coordinates": [ 30.8849841, -19.0033058 ] } },
{ "type": "Feature", "properties": { "FID": 565.0, "id": 0, "MANHOLE_PO": null }, "geometry": { "type": "Point", "coordinates": [ 30.884416, -19.0032547 ] } },
{ "type": "Feature", "properties": { "FID": 566.0, "id": 0, "MANHOLE_PO": null }, "geometry": { "type": "Point", "coordinates": [ 30.8839383, -19.0031983 ] } },
{ "type": "Feature", "properties": { "FID": 567.0, "id": 0, "MANHOLE_PO": null }, "geometry": { "type": "Point", "coordinates": [ 30.8843902, -19.0034453 ] } },
{ "type": "Feature", "properties": { "FID": 568.0, "id": 0, "MANHOLE_PO": null }, "geometry": { "type": "Point", "coordinates": [ 30.8863988, -19.0052607 ] } },
{ "type": "Feature", "properties": { "FID": 569.0, "id": 0, "MANHOLE_PO": null }, "geometry": { "type": "Point", "coordinates": [ 30.8858241, -19.0051984 ] } },
{ "type": "Feature", "properties": { "FID": 570.0, "id": 0, "MANHOLE_PO": null }, "geometry": { "type": "Point", "coordinates": [ 30.8852391, -19.0051631 ] } },
{ "type": "Feature", "properties": { "FID": 571.0, "id": 0, "MANHOLE_PO": null }, "geometry": { "type": "Point", "coordinates": [ 30.8845473, -19.0051043 ] } },
{ "type": "Feature", "properties": { "FID": 572.0, "id": 0, "MANHOLE_PO": null }, "geometry": { "type": "Point", "coordinates": [ 30.8839726, -19.0050531 ] } },
{ "type": "Feature", "properties": { "FID": 573.0, "id": 0, "MANHOLE_PO": null }, "geometry": { "type": "Point", "coordinates": [ 30.8839887, -19.0048369 ] } },
{ "type": "Feature", "properties": { "FID": 574.0, "id": 0, "MANHOLE_PO": null }, "geometry": { "type": "Point", "coordinates": [ 30.8840365, -19.0047579 ] } },
{ "type": "Feature", "properties": { "FID": 575.0, "id": 0, "MANHOLE_PO": null }, "geometry": { "type": "Point", "coordinates": [ 30.8855988, -18.9989365 ] } },
{ "type": "Feature", "properties": { "FID": 576.0, "id": 0, "MANHOLE_PO": null }, "geometry": { "type": "Point", "coordinates": [ 30.8857563, -18.9991801 ] } },
{ "type": "Feature", "properties": { "FID": 577.0, "id": 0, "MANHOLE_PO": null }, "geometry": { "type": "Point", "coordinates": [ 30.8856909, -18.9993257 ] } },
{ "type": "Feature", "properties": { "FID": 578.0, "id": 0, "MANHOLE_PO": null }, "geometry": { "type": "Point", "coordinates": [ 30.8860759, -18.9987733 ] } },
{ "type": "Feature", "properties": { "FID": 579.0, "id": 0, "MANHOLE_PO": null }, "geometry": { "type": "Point", "coordinates": [ 30.8855207, -18.9995625 ] } },
{ "type": "Feature", "properties": { "FID": 580.0, "id": 0, "MANHOLE_PO": null }, "geometry": { "type": "Point", "coordinates": [ 30.885436, -18.9996474 ] } },
{ "type": "Feature", "properties": { "FID": 581.0, "id": 0, "MANHOLE_PO": null }, "geometry": { "type": "Point", "coordinates": [ 30.8854892, -18.9988747 ] } },
{ "type": "Feature", "properties": { "FID": 582.0, "id": 0, "MANHOLE_PO": null }, "geometry": { "type": "Point", "coordinates": [ 30.8855285, -18.998942 ] } },
{ "type": "Feature", "properties": { "FID": 583.0, "id": 0, "MANHOLE_PO": null }, "geometry": { "type": "Point", "coordinates": [ 30.8809979, -18.9982219 ] } },
{ "type": "Feature", "properties": { "FID": 584.0, "id": 0, "MANHOLE_PO": null }, "geometry": { "type": "Point", "coordinates": [ 30.8811242, -18.9971048 ] } },
{ "type": "Feature", "properties": { "FID": 585.0, "id": 0, "MANHOLE_PO": null }, "geometry": { "type": "Point", "coordinates": [ 30.8810638, -18.9976451 ] } },
{ "type": "Feature", "properties": { "FID": 586.0, "id": 0, "MANHOLE_PO": null }, "geometry": { "type": "Point", "coordinates": [ 30.8804952, -18.9978995 ] } },
{ "type": "Feature", "properties": { "FID": 587.0, "id": 0, "MANHOLE_PO": null }, "geometry": { "type": "Point", "coordinates": [ 30.8805482, -18.9974164 ] } },
{ "type": "Feature", "properties": { "FID": 588.0, "id": 0, "MANHOLE_PO": null }, "geometry": { "type": "Point", "coordinates": [ 30.8795941, -18.9971986 ] } },
{ "type": "Feature", "properties": { "FID": 589.0, "id": 0, "MANHOLE_PO": null }, "geometry": { "type": "Point", "coordinates": [ 30.8801646, -18.9973229 ] } },
{ "type": "Feature", "properties": { "FID": 590.0, "id": 0, "MANHOLE_PO": null }, "geometry": { "type": "Point", "coordinates": [ 30.8801206, -18.9981593 ] } },
{ "type": "Feature", "properties": { "FID": 591.0, "id": 0, "MANHOLE_PO": null }, "geometry": { "type": "Point", "coordinates": [ 30.8799532, -18.9976387 ] } },
{ "type": "Feature", "properties": { "FID": 592.0, "id": 0, "MANHOLE_PO": null }, "geometry": { "type": "Point", "coordinates": [ 30.8797977, -18.997236 ] } },
{ "type": "Feature", "properties": { "FID": 593.0, "id": 0, "MANHOLE_PO": null }, "geometry": { "type": "Point", "coordinates": [ 30.8796639, -18.9982973 ] } },
{ "type": "Feature", "properties": { "FID": 594.0, "id": 0, "MANHOLE_PO": null }, "geometry": { "type": "Point", "coordinates": [ 30.879483, -18.9977861 ] } },
{ "type": "Feature", "properties": { "FID": 595.0, "id": 0, "MANHOLE_PO": null }, "geometry": { "type": "Point", "coordinates": [ 30.8792916, -18.9973129 ] } },
{ "type": "Feature", "properties": { "FID": 596.0, "id": 0, "MANHOLE_PO": null }, "geometry": { "type": "Point", "coordinates": [ 30.8807673, -18.9983354 ] } },
{ "type": "Feature", "properties": { "FID": 597.0, "id": 0, "MANHOLE_PO": null }, "geometry": { "type": "Point", "coordinates": [ 30.8801055, -18.9985569 ] } },
{ "type": "Feature", "properties": { "FID": 598.0, "id": 0, "MANHOLE_PO": null }, "geometry": { "type": "Point", "coordinates": [ 30.879313, -18.9987897 ] } },
{ "type": "Feature", "properties": { "FID": 599.0, "id": 0, "MANHOLE_PO": null }, "geometry": { "type": "Point", "coordinates": [ 30.879123, -18.9982147 ] } },
{ "type": "Feature", "properties": { "FID": 600.0, "id": 0, "MANHOLE_PO": null }, "geometry": { "type": "Point", "coordinates": [ 30.8789546, -18.9977737 ] } },
{ "type": "Feature", "properties": { "FID": 601.0, "id": 0, "MANHOLE_PO": null }, "geometry": { "type": "Point", "coordinates": [ 30.8787676, -18.997221 ] } },
{ "type": "Feature", "properties": { "FID": 602.0, "id": 0, "MANHOLE_PO": null }, "geometry": { "type": "Point", "coordinates": [ 30.8792815, -18.997055 ] } },
{ "type": "Feature", "properties": { "FID": 603.0, "id": 0, "MANHOLE_PO": null }, "geometry": { "type": "Point", "coordinates": [ 30.8793431, -18.9972117 ] } },
{ "type": "Feature", "properties": { "FID": 604.0, "id": 0, "MANHOLE_PO": null }, "geometry": { "type": "Point", "coordinates": [ 30.8786802, -18.9969877 ] } },
{ "type": "Feature", "properties": { "FID": 605.0, "id": 0, "MANHOLE_PO": null }, "geometry": { "type": "Point", "coordinates": [ 30.8785422, -18.9981126 ] } },
{ "type": "Feature", "properties": { "FID": 606.0, "id": 0, "MANHOLE_PO": null }, "geometry": { "type": "Point", "coordinates": [ 30.8783805, -18.9976684 ] } },
{ "type": "Feature", "properties": { "FID": 607.0, "id": 0, "MANHOLE_PO": null }, "geometry": { "type": "Point", "coordinates": [ 30.8782582, -18.9972915 ] } },
{ "type": "Feature", "properties": { "FID": 608.0, "id": 0, "MANHOLE_PO": null }, "geometry": { "type": "Point", "coordinates": [ 30.8779254, -18.9976791 ] } },
{ "type": "Feature", "properties": { "FID": 609.0, "id": 0, "MANHOLE_PO": null }, "geometry": { "type": "Point", "coordinates": [ 30.8774194, -18.9980138 ] } },
{ "type": "Feature", "properties": { "FID": 610.0, "id": 0, "MANHOLE_PO": null }, "geometry": { "type": "Point", "coordinates": [ 30.8776355, -18.9983791 ] } },
{ "type": "Feature", "properties": { "FID": 611.0, "id": 0, "MANHOLE_PO": null }, "geometry": { "type": "Point", "coordinates": [ 30.8775995, -18.9983182 ] } },
{ "type": "Feature", "properties": { "FID": 612.0, "id": 0, "MANHOLE_PO": null }, "geometry": { "type": "Point", "coordinates": [ 30.8781201, -18.9981523 ] } },
{ "type": "Feature", "properties": { "FID": 613.0, "id": 0, "MANHOLE_PO": null }, "geometry": { "type": "Point", "coordinates": [ 30.8813781, -18.9950138 ] } },
{ "type": "Feature", "properties": { "FID": 614.0, "id": 0, "MANHOLE_PO": null }, "geometry": { "type": "Point", "coordinates": [ 30.8814132, -18.9946196 ] } },
{ "type": "Feature", "properties": { "FID": 615.0, "id": 0, "MANHOLE_PO": null }, "geometry": { "type": "Point", "coordinates": [ 30.8814703, -18.994073 ] } },
{ "type": "Feature", "properties": { "FID": 616.0, "id": 0, "MANHOLE_PO": null }, "geometry": { "type": "Point", "coordinates": [ 30.8815208, -18.993523 ] } },
{ "type": "Feature", "properties": { "FID": 617.0, "id": 0, "MANHOLE_PO": null }, "geometry": { "type": "Point", "coordinates": [ 30.8812869, -18.9935012 ] } },
{ "type": "Feature", "properties": { "FID": 618.0, "id": 0, "MANHOLE_PO": null }, "geometry": { "type": "Point", "coordinates": [ 30.8813106, -18.9932151 ] } },
{ "type": "Feature", "properties": { "FID": 619.0, "id": 0, "MANHOLE_PO": null }, "geometry": { "type": "Point", "coordinates": [ 30.8808434, -18.9949695 ] } },
{ "type": "Feature", "properties": { "FID": 620.0, "id": 0, "MANHOLE_PO": null }, "geometry": { "type": "Point", "coordinates": [ 30.8808718, -18.9945753 ] } },
{ "type": "Feature", "properties": { "FID": 621.0, "id": 0, "MANHOLE_PO": null }, "geometry": { "type": "Point", "coordinates": [ 30.8809392, -18.9940128 ] } },
{ "type": "Feature", "properties": { "FID": 622.0, "id": 0, "MANHOLE_PO": null }, "geometry": { "type": "Point", "coordinates": [ 30.8809847, -18.9935901 ] } },
{ "type": "Feature", "properties": { "FID": 623.0, "id": 0, "MANHOLE_PO": null }, "geometry": { "type": "Point", "coordinates": [ 30.8806658, -18.9936755 ] } },
{ "type": "Feature", "properties": { "FID": 624.0, "id": 0, "MANHOLE_PO": null }, "geometry": { "type": "Point", "coordinates": [ 30.880633, -18.9941493 ] } },
{ "type": "Feature", "properties": { "FID": 625.0, "id": 0, "MANHOLE_PO": null }, "geometry": { "type": "Point", "coordinates": [ 30.8805735, -18.9946228 ] } },
{ "type": "Feature", "properties": { "FID": 626.0, "id": 0, "MANHOLE_PO": null }, "geometry": { "type": "Point", "coordinates": [ 30.880553, -18.9949185 ] } },
{ "type": "Feature", "properties": { "FID": 627.0, "id": 0, "MANHOLE_PO": null }, "geometry": { "type": "Point", "coordinates": [ 30.8800021, -18.9945685 ] } },
{ "type": "Feature", "properties": { "FID": 628.0, "id": 0, "MANHOLE_PO": null }, "geometry": { "type": "Point", "coordinates": [ 30.8799648, -18.9948735 ] } },
{ "type": "Feature", "properties": { "FID": 629.0, "id": 0, "MANHOLE_PO": null }, "geometry": { "type": "Point", "coordinates": [ 30.8794199, -18.9948482 ] } },
{ "type": "Feature", "properties": { "FID": 630.0, "id": 0, "MANHOLE_PO": null }, "geometry": { "type": "Point", "coordinates": [ 30.8794407, -18.9945238 ] } },
{ "type": "Feature", "properties": { "FID": 631.0, "id": 0, "MANHOLE_PO": null }, "geometry": { "type": "Point", "coordinates": [ 30.8788351, -18.9947938 ] } },
{ "type": "Feature", "properties": { "FID": 632.0, "id": 0, "MANHOLE_PO": null }, "geometry": { "type": "Point", "coordinates": [ 30.8788627, -18.9944695 ] } },
{ "type": "Feature", "properties": { "FID": 633.0, "id": 0, "MANHOLE_PO": null }, "geometry": { "type": "Point", "coordinates": [ 30.8800415, -18.9941043 ] } },
{ "type": "Feature", "properties": { "FID": 634.0, "id": 0, "MANHOLE_PO": null }, "geometry": { "type": "Point", "coordinates": [ 30.8794734, -18.9940564 ] } },
{ "type": "Feature", "properties": { "FID": 635.0, "id": 0, "MANHOLE_PO": null }, "geometry": { "type": "Point", "coordinates": [ 30.8800977, -18.9936276 ] } },
{ "type": "Feature", "properties": { "FID": 636.0, "id": 0, "MANHOLE_PO": null }, "geometry": { "type": "Point", "coordinates": [ 30.8795263, -18.9935765 ] } },
{ "type": "Feature", "properties": { "FID": 637.0, "id": 0, "MANHOLE_PO": null }, "geometry": { "type": "Point", "coordinates": [ 30.879116, -18.994011 ] } },
{ "type": "Feature", "properties": { "FID": 638.0, "id": 0, "MANHOLE_PO": null }, "geometry": { "type": "Point", "coordinates": [ 30.8791552, -18.9935564 ] } },
{ "type": "Feature", "properties": { "FID": 639.0, "id": 0, "MANHOLE_PO": null }, "geometry": { "type": "Point", "coordinates": [ 30.8790922, -18.9935143 ] } },
{ "type": "Feature", "properties": { "FID": 640.0, "id": 0, "MANHOLE_PO": null }, "geometry": { "type": "Point", "coordinates": [ 30.8807455, -18.993188 ] } },
{ "type": "Feature", "properties": { "FID": 641.0, "id": 0, "MANHOLE_PO": null }, "geometry": { "type": "Point", "coordinates": [ 30.8801842, -18.993137 ] } },
{ "type": "Feature", "properties": { "FID": 642.0, "id": 0, "MANHOLE_PO": null }, "geometry": { "type": "Point", "coordinates": [ 30.8798268, -18.9930931 ] } },
{ "type": "Feature", "properties": { "FID": 643.0, "id": 0, "MANHOLE_PO": null }, "geometry": { "type": "Point", "coordinates": [ 30.8786587, -18.9944576 ] } },
{ "type": "Feature", "properties": { "FID": 644.0, "id": 0, "MANHOLE_PO": null }, "geometry": { "type": "Point", "coordinates": [ 30.8785669, -18.9944438 ] } },
{ "type": "Feature", "properties": { "FID": 645.0, "id": 0, "MANHOLE_PO": null }, "geometry": { "type": "Point", "coordinates": [ 30.8787236, -18.9938235 ] } },
{ "type": "Feature", "properties": { "FID": 646.0, "id": 0, "MANHOLE_PO": null }, "geometry": { "type": "Point", "coordinates": [ 30.8787681, -18.9937492 ] } },
{ "type": "Feature", "properties": { "FID": 647.0, "id": 0, "MANHOLE_PO": null }, "geometry": { "type": "Point", "coordinates": [ 30.8785251, -18.9932564 ] } },
{ "type": "Feature", "properties": { "FID": 648.0, "id": 0, "MANHOLE_PO": null }, "geometry": { "type": "Point", "coordinates": [ 30.8788386, -18.992937 ] } },
{ "type": "Feature", "properties": { "FID": 649.0, "id": 0, "MANHOLE_PO": null }, "geometry": { "type": "Point", "coordinates": [ 30.8790954, -18.9929956 ] } },
{ "type": "Feature", "properties": { "FID": 650.0, "id": 0, "MANHOLE_PO": null }, "geometry": { "type": "Point", "coordinates": [ 30.879124, -18.9933826 ] } },
{ "type": "Feature", "properties": { "FID": 651.0, "id": 0, "MANHOLE_PO": null }, "geometry": { "type": "Point", "coordinates": [ 30.8788838, -18.9928007 ] } },
{ "type": "Feature", "properties": { "FID": 652.0, "id": 0, "MANHOLE_PO": null }, "geometry": { "type": "Point", "coordinates": [ 30.8791009, -18.9925645 ] } },
{ "type": "Feature", "properties": { "FID": 653.0, "id": 0, "MANHOLE_PO": null }, "geometry": { "type": "Point", "coordinates": [ 30.8782805, -18.9947381 ] } },
{ "type": "Feature", "properties": { "FID": 654.0, "id": 0, "MANHOLE_PO": null }, "geometry": { "type": "Point", "coordinates": [ 30.8781202, -18.9947171 ] } },
{ "type": "Feature", "properties": { "FID": 655.0, "id": 0, "MANHOLE_PO": null }, "geometry": { "type": "Point", "coordinates": [ 30.8781671, -18.9941863 ] } },
{ "type": "Feature", "properties": { "FID": 656.0, "id": 0, "MANHOLE_PO": null }, "geometry": { "type": "Point", "coordinates": [ 30.8782282, -18.9935887 ] } },
{ "type": "Feature", "properties": { "FID": 657.0, "id": 0, "MANHOLE_PO": null }, "geometry": { "type": "Point", "coordinates": [ 30.8776318, -18.9944506 ] } },
{ "type": "Feature", "properties": { "FID": 658.0, "id": 0, "MANHOLE_PO": null }, "geometry": { "type": "Point", "coordinates": [ 30.8776632, -18.9943491 ] } },
{ "type": "Feature", "properties": { "FID": 659.0, "id": 0, "MANHOLE_PO": null }, "geometry": { "type": "Point", "coordinates": [ 30.8771687, -18.9943053 ] } },
{ "type": "Feature", "properties": { "FID": 660.0, "id": 0, "MANHOLE_PO": null }, "geometry": { "type": "Point", "coordinates": [ 30.8771991, -18.9940192 ] } },
{ "type": "Feature", "properties": { "FID": 661.0, "id": 0, "MANHOLE_PO": null }, "geometry": { "type": "Point", "coordinates": [ 30.8776969, -18.9938022 ] } },
{ "type": "Feature", "properties": { "FID": 662.0, "id": 0, "MANHOLE_PO": null }, "geometry": { "type": "Point", "coordinates": [ 30.8777324, -18.9933794 ] } },
{ "type": "Feature", "properties": { "FID": 663.0, "id": 0, "MANHOLE_PO": null }, "geometry": { "type": "Point", "coordinates": [ 30.8780359, -18.9930551 ] } },
{ "type": "Feature", "properties": { "FID": 664.0, "id": 0, "MANHOLE_PO": null }, "geometry": { "type": "Point", "coordinates": [ 30.8782544, -18.9928364 ] } },
{ "type": "Feature", "properties": { "FID": 665.0, "id": 0, "MANHOLE_PO": null }, "geometry": { "type": "Point", "coordinates": [ 30.8772463, -18.9933276 ] } },
{ "type": "Feature", "properties": { "FID": 666.0, "id": 0, "MANHOLE_PO": null }, "geometry": { "type": "Point", "coordinates": [ 30.8772723, -18.9931275 ] } },
{ "type": "Feature", "properties": { "FID": 667.0, "id": 0, "MANHOLE_PO": null }, "geometry": { "type": "Point", "coordinates": [ 30.8773919, -18.993054 ] } },
{ "type": "Feature", "properties": { "FID": 668.0, "id": 0, "MANHOLE_PO": null }, "geometry": { "type": "Point", "coordinates": [ 30.8777108, -18.9927108 ] } },
{ "type": "Feature", "properties": { "FID": 669.0, "id": 0, "MANHOLE_PO": null }, "geometry": { "type": "Point", "coordinates": [ 30.8780941, -18.992292 ] } },
{ "type": "Feature", "properties": { "FID": 670.0, "id": 0, "MANHOLE_PO": null }, "geometry": { "type": "Point", "coordinates": [ 30.8786581, -18.9923939 ] } },
{ "type": "Feature", "properties": { "FID": 671.0, "id": 0, "MANHOLE_PO": null }, "geometry": { "type": "Point", "coordinates": [ 30.8781903, -18.9922215 ] } },
{ "type": "Feature", "properties": { "FID": 672.0, "id": 0, "MANHOLE_PO": null }, "geometry": { "type": "Point", "coordinates": [ 30.8787361, -18.9923137 ] } },
{ "type": "Feature", "properties": { "FID": 673.0, "id": 0, "MANHOLE_PO": null }, "geometry": { "type": "Point", "coordinates": [ 30.8783193, -18.9920734 ] } },
{ "type": "Feature", "properties": { "FID": 674.0, "id": 0, "MANHOLE_PO": null }, "geometry": { "type": "Point", "coordinates": [ 30.8783107, -18.992094 ] } },
{ "type": "Feature", "properties": { "FID": 675.0, "id": 0, "MANHOLE_PO": null }, "geometry": { "type": "Point", "coordinates": [ 30.8773051, -18.9922543 ] } },
{ "type": "Feature", "properties": { "FID": 676.0, "id": 0, "MANHOLE_PO": null }, "geometry": { "type": "Point", "coordinates": [ 30.877301, -18.9924468 ] } },
{ "type": "Feature", "properties": { "FID": 677.0, "id": 0, "MANHOLE_PO": null }, "geometry": { "type": "Point", "coordinates": [ 30.8773195, -18.9925711 ] } },
{ "type": "Feature", "properties": { "FID": 678.0, "id": 0, "MANHOLE_PO": null }, "geometry": { "type": "Point", "coordinates": [ 30.8774704, -18.9922777 ] } },
{ "type": "Feature", "properties": { "FID": 679.0, "id": 0, "MANHOLE_PO": null }, "geometry": { "type": "Point", "coordinates": [ 30.8778748, -18.9918456 ] } },
{ "type": "Feature", "properties": { "FID": 680.0, "id": 0, "MANHOLE_PO": null }, "geometry": { "type": "Point", "coordinates": [ 30.8779292, -18.9913752 ] } },
{ "type": "Feature", "properties": { "FID": 681.0, "id": 0, "MANHOLE_PO": null }, "geometry": { "type": "Point", "coordinates": [ 30.8767902, -18.9942723 ] } },
{ "type": "Feature", "properties": { "FID": 682.0, "id": 0, "MANHOLE_PO": null }, "geometry": { "type": "Point", "coordinates": [ 30.8764644, -18.9942431 ] } },
{ "type": "Feature", "properties": { "FID": 683.0, "id": 0, "MANHOLE_PO": null }, "geometry": { "type": "Point", "coordinates": [ 30.8761075, -18.994624 ] } },
{ "type": "Feature", "properties": { "FID": 684.0, "id": 0, "MANHOLE_PO": null }, "geometry": { "type": "Point", "coordinates": [ 30.8764119, -18.9947556 ] } },
{ "type": "Feature", "properties": { "FID": 685.0, "id": 0, "MANHOLE_PO": null }, "geometry": { "type": "Point", "coordinates": [ 30.876102, -18.994729 ] } },
{ "type": "Feature", "properties": { "FID": 686.0, "id": 0, "MANHOLE_PO": null }, "geometry": { "type": "Point", "coordinates": [ 30.8769784, -18.9948035 ] } },
{ "type": "Feature", "properties": { "FID": 687.0, "id": 0, "MANHOLE_PO": null }, "geometry": { "type": "Point", "coordinates": [ 30.8774136, -18.9948419 ] } },
{ "type": "Feature", "properties": { "FID": 688.0, "id": 0, "MANHOLE_PO": null }, "geometry": { "type": "Point", "coordinates": [ 30.8774304, -18.9947076 ] } },
{ "type": "Feature", "properties": { "FID": 689.0, "id": 0, "MANHOLE_PO": null }, "geometry": { "type": "Point", "coordinates": [ 30.8774852, -18.9946661 ] } },
{ "type": "Feature", "properties": { "FID": 690.0, "id": 0, "MANHOLE_PO": null }, "geometry": { "type": "Point", "coordinates": [ 30.877044, -18.9951702 ] } },
{ "type": "Feature", "properties": { "FID": 691.0, "id": 0, "MANHOLE_PO": null }, "geometry": { "type": "Point", "coordinates": [ 30.8770165, -18.9954913 ] } },
{ "type": "Feature", "properties": { "FID": 692.0, "id": 0, "MANHOLE_PO": null }, "geometry": { "type": "Point", "coordinates": [ 30.8769696, -18.9960253 ] } },
{ "type": "Feature", "properties": { "FID": 693.0, "id": 0, "MANHOLE_PO": null }, "geometry": { "type": "Point", "coordinates": [ 30.8764749, -18.9959878 ] } },
{ "type": "Feature", "properties": { "FID": 694.0, "id": 0, "MANHOLE_PO": null }, "geometry": { "type": "Point", "coordinates": [ 30.8762929, -18.9959682 ] } },
{ "type": "Feature", "properties": { "FID": 695.0, "id": 0, "MANHOLE_PO": null }, "geometry": { "type": "Point", "coordinates": [ 30.8770445, -18.9963174 ] } },
{ "type": "Feature", "properties": { "FID": 696.0, "id": 0, "MANHOLE_PO": null }, "geometry": { "type": "Point", "coordinates": [ 30.8765734, -18.9962722 ] } },
{ "type": "Feature", "properties": { "FID": 697.0, "id": 0, "MANHOLE_PO": null }, "geometry": { "type": "Point", "coordinates": [ 30.8761172, -18.9962304 ] } },
{ "type": "Feature", "properties": { "FID": 698.0, "id": 0, "MANHOLE_PO": null }, "geometry": { "type": "Point", "coordinates": [ 30.875955, -18.9962285 ] } },
{ "type": "Feature", "properties": { "FID": 699.0, "id": 0, "MANHOLE_PO": null }, "geometry": { "type": "Point", "coordinates": [ 30.8760452, -18.9962375 ] } },
{ "type": "Feature", "properties": { "FID": 700.0, "id": 0, "MANHOLE_PO": null }, "geometry": { "type": "Point", "coordinates": [ 30.8774459, -18.9964477 ] } },
{ "type": "Feature", "properties": { "FID": 701.0, "id": 0, "MANHOLE_PO": null }, "geometry": { "type": "Point", "coordinates": [ 30.8773769, -18.9967428 ] } },
{ "type": "Feature", "properties": { "FID": 702.0, "id": 0, "MANHOLE_PO": null }, "geometry": { "type": "Point", "coordinates": [ 30.8768223, -18.9966935 ] } },
{ "type": "Feature", "properties": { "FID": 703.0, "id": 0, "MANHOLE_PO": null }, "geometry": { "type": "Point", "coordinates": [ 30.8764464, -18.9966574 ] } },
{ "type": "Feature", "properties": { "FID": 704.0, "id": 0, "MANHOLE_PO": null }, "geometry": { "type": "Point", "coordinates": [ 30.8760603, -18.9966307 ] } },
{ "type": "Feature", "properties": { "FID": 705.0, "id": 0, "MANHOLE_PO": null }, "geometry": { "type": "Point", "coordinates": [ 30.8758398, -18.996609 ] } },
{ "type": "Feature", "properties": { "FID": 706.0, "id": 0, "MANHOLE_PO": null }, "geometry": { "type": "Point", "coordinates": [ 30.8758025, -18.9969109 ] } },
{ "type": "Feature", "properties": { "FID": 707.0, "id": 0, "MANHOLE_PO": null }, "geometry": { "type": "Point", "coordinates": [ 30.8754146, -18.9969033 ] } },
{ "type": "Feature", "properties": { "FID": 708.0, "id": 0, "MANHOLE_PO": null }, "geometry": { "type": "Point", "coordinates": [ 30.8754543, -18.9961464 ] } },
{ "type": "Feature", "properties": { "FID": 709.0, "id": 0, "MANHOLE_PO": null }, "geometry": { "type": "Point", "coordinates": [ 30.8754183, -18.9966042 ] } },
{ "type": "Feature", "properties": { "FID": 710.0, "id": 0, "MANHOLE_PO": null }, "geometry": { "type": "Point", "coordinates": [ 30.8755756, -18.9960777 ] } },
{ "type": "Feature", "properties": { "FID": 711.0, "id": 0, "MANHOLE_PO": null }, "geometry": { "type": "Point", "coordinates": [ 30.8751211, -18.9960407 ] } },
{ "type": "Feature", "properties": { "FID": 712.0, "id": 0, "MANHOLE_PO": null }, "geometry": { "type": "Point", "coordinates": [ 30.8750343, -18.9965552 ] } },
{ "type": "Feature", "properties": { "FID": 713.0, "id": 0, "MANHOLE_PO": null }, "geometry": { "type": "Point", "coordinates": [ 30.8744851, -18.9963357 ] } },
{ "type": "Feature", "properties": { "FID": 714.0, "id": 0, "MANHOLE_PO": null }, "geometry": { "type": "Point", "coordinates": [ 30.8744696, -18.996501 ] } },
{ "type": "Feature", "properties": { "FID": 715.0, "id": 0, "MANHOLE_PO": null }, "geometry": { "type": "Point", "coordinates": [ 30.8745663, -18.9967853 ] } },
{ "type": "Feature", "properties": { "FID": 716.0, "id": 0, "MANHOLE_PO": null }, "geometry": { "type": "Point", "coordinates": [ 30.8750766, -18.9969089 ] } },
{ "type": "Feature", "properties": { "FID": 717.0, "id": 0, "MANHOLE_PO": null }, "geometry": { "type": "Point", "coordinates": [ 30.87469, -18.9970572 ] } },
{ "type": "Feature", "properties": { "FID": 718.0, "id": 0, "MANHOLE_PO": null }, "geometry": { "type": "Point", "coordinates": [ 30.873971, -18.9962502 ] } },
{ "type": "Feature", "properties": { "FID": 719.0, "id": 0, "MANHOLE_PO": null }, "geometry": { "type": "Point", "coordinates": [ 30.8739336, -18.9965617 ] } },
{ "type": "Feature", "properties": { "FID": 720.0, "id": 0, "MANHOLE_PO": null }, "geometry": { "type": "Point", "coordinates": [ 30.8740707, -18.9969578 ] } },
{ "type": "Feature", "properties": { "FID": 721.0, "id": 0, "MANHOLE_PO": null }, "geometry": { "type": "Point", "coordinates": [ 30.8740722, -18.9971026 ] } },
{ "type": "Feature", "properties": { "FID": 722.0, "id": 0, "MANHOLE_PO": null }, "geometry": { "type": "Point", "coordinates": [ 30.8741502, -18.9972849 ] } },
{ "type": "Feature", "properties": { "FID": 723.0, "id": 0, "MANHOLE_PO": null }, "geometry": { "type": "Point", "coordinates": [ 30.8700863, -18.9935516 ] } },
{ "type": "Feature", "properties": { "FID": 724.0, "id": 0, "MANHOLE_PO": null }, "geometry": { "type": "Point", "coordinates": [ 30.8700281, -18.994181 ] } },
{ "type": "Feature", "properties": { "FID": 725.0, "id": 0, "MANHOLE_PO": null }, "geometry": { "type": "Point", "coordinates": [ 30.869958, -18.9946989 ] } },
{ "type": "Feature", "properties": { "FID": 726.0, "id": 0, "MANHOLE_PO": null }, "geometry": { "type": "Point", "coordinates": [ 30.869964, -18.9947499 ] } },
{ "type": "Feature", "properties": { "FID": 727.0, "id": 0, "MANHOLE_PO": null }, "geometry": { "type": "Point", "coordinates": [ 30.8697288, -18.9948267 ] } },
{ "type": "Feature", "properties": { "FID": 728.0, "id": 0, "MANHOLE_PO": null }, "geometry": { "type": "Point", "coordinates": [ 30.8699973, -18.9937065 ] } },
{ "type": "Feature", "properties": { "FID": 729.0, "id": 0, "MANHOLE_PO": null }, "geometry": { "type": "Point", "coordinates": [ 30.8694159, -18.9939226 ] } },
{ "type": "Feature", "properties": { "FID": 730.0, "id": 0, "MANHOLE_PO": null }, "geometry": { "type": "Point", "coordinates": [ 30.8687296, -18.9942202 ] } },
{ "type": "Feature", "properties": { "FID": 731.0, "id": 0, "MANHOLE_PO": null }, "geometry": { "type": "Point", "coordinates": [ 30.8681615, -18.9944395 ] } },
{ "type": "Feature", "properties": { "FID": 732.0, "id": 0, "MANHOLE_PO": null }, "geometry": { "type": "Point", "coordinates": [ 30.868054, -18.9944765 ] } },
{ "type": "Feature", "properties": { "FID": 733.0, "id": 0, "MANHOLE_PO": null }, "geometry": { "type": "Point", "coordinates": [ 30.8695124, -18.9944869 ] } },
{ "type": "Feature", "properties": { "FID": 734.0, "id": 0, "MANHOLE_PO": null }, "geometry": { "type": "Point", "coordinates": [ 30.868665, -18.9948272 ] } },
{ "type": "Feature", "properties": { "FID": 735.0, "id": 0, "MANHOLE_PO": null }, "geometry": { "type": "Point", "coordinates": [ 30.8685438, -18.9948895 ] } },
{ "type": "Feature", "properties": { "FID": 736.0, "id": 0, "MANHOLE_PO": null }, "geometry": { "type": "Point", "coordinates": [ 30.8682657, -18.9951854 ] } },
{ "type": "Feature", "properties": { "FID": 737.0, "id": 0, "MANHOLE_PO": null }, "geometry": { "type": "Point", "coordinates": [ 30.8685176, -18.9958947 ] } },
{ "type": "Feature", "properties": { "FID": 738.0, "id": 0, "MANHOLE_PO": null }, "geometry": { "type": "Point", "coordinates": [ 30.868712, -18.9963934 ] } },
{ "type": "Feature", "properties": { "FID": 739.0, "id": 0, "MANHOLE_PO": null }, "geometry": { "type": "Point", "coordinates": [ 30.8677446, -18.9967068 ] } },
{ "type": "Feature", "properties": { "FID": 740.0, "id": 0, "MANHOLE_PO": null }, "geometry": { "type": "Point", "coordinates": [ 30.8669457, -18.996914 ] } },
{ "type": "Feature", "properties": { "FID": 741.0, "id": 0, "MANHOLE_PO": null }, "geometry": { "type": "Point", "coordinates": [ 30.8688873, -18.9952371 ] } },
{ "type": "Feature", "properties": { "FID": 742.0, "id": 0, "MANHOLE_PO": null }, "geometry": { "type": "Point", "coordinates": [ 30.8690738, -18.9958311 ] } },
{ "type": "Feature", "properties": { "FID": 743.0, "id": 0, "MANHOLE_PO": null }, "geometry": { "type": "Point", "coordinates": [ 30.8693668, -18.9948862 ] } },
{ "type": "Feature", "properties": { "FID": 744.0, "id": 0, "MANHOLE_PO": null }, "geometry": { "type": "Point", "coordinates": [ 30.8695917, -18.9956143 ] } },
{ "type": "Feature", "properties": { "FID": 745.0, "id": 0, "MANHOLE_PO": null }, "geometry": { "type": "Point", "coordinates": [ 30.86976, -18.9960618 ] } },
{ "type": "Feature", "properties": { "FID": 746.0, "id": 0, "MANHOLE_PO": null }, "geometry": { "type": "Point", "coordinates": [ 30.8690479, -18.9962891 ] } },
{ "type": "Feature", "properties": { "FID": 747.0, "id": 0, "MANHOLE_PO": null }, "geometry": { "type": "Point", "coordinates": [ 30.870098, -18.9952638 ] } },
{ "type": "Feature", "properties": { "FID": 748.0, "id": 0, "MANHOLE_PO": null }, "geometry": { "type": "Point", "coordinates": [ 30.8703431, -18.9959794 ] } },
{ "type": "Feature", "properties": { "FID": 749.0, "id": 0, "MANHOLE_PO": null }, "geometry": { "type": "Point", "coordinates": [ 30.8705111, -18.9964459 ] } },
{ "type": "Feature", "properties": { "FID": 750.0, "id": 0, "MANHOLE_PO": null }, "geometry": { "type": "Point", "coordinates": [ 30.8697724, -18.9966602 ] } },
{ "type": "Feature", "properties": { "FID": 751.0, "id": 0, "MANHOLE_PO": null }, "geometry": { "type": "Point", "coordinates": [ 30.8691346, -18.9968374 ] } },
{ "type": "Feature", "properties": { "FID": 752.0, "id": 0, "MANHOLE_PO": null }, "geometry": { "type": "Point", "coordinates": [ 30.8674629, -18.9946542 ] } },
{ "type": "Feature", "properties": { "FID": 753.0, "id": 0, "MANHOLE_PO": null }, "geometry": { "type": "Point", "coordinates": [ 30.8677718, -18.9956188 ] } },
{ "type": "Feature", "properties": { "FID": 754.0, "id": 0, "MANHOLE_PO": null }, "geometry": { "type": "Point", "coordinates": [ 30.8679472, -18.9960345 ] } },
{ "type": "Feature", "properties": { "FID": 755.0, "id": 0, "MANHOLE_PO": null }, "geometry": { "type": "Point", "coordinates": [ 30.8672218, -18.9962553 ] } },
{ "type": "Feature", "properties": { "FID": 756.0, "id": 0, "MANHOLE_PO": null }, "geometry": { "type": "Point", "coordinates": [ 30.8666576, -18.996427 ] } },
{ "type": "Feature", "properties": { "FID": 757.0, "id": 0, "MANHOLE_PO": null }, "geometry": { "type": "Point", "coordinates": [ 30.865331, -18.9955207 ] } },
{ "type": "Feature", "properties": { "FID": 758.0, "id": 0, "MANHOLE_PO": null }, "geometry": { "type": "Point", "coordinates": [ 30.865994, -18.9959929 ] } },
{ "type": "Feature", "properties": { "FID": 759.0, "id": 0, "MANHOLE_PO": null }, "geometry": { "type": "Point", "coordinates": [ 30.8683587, -18.9970798 ] } },
{ "type": "Feature", "properties": { "FID": 760.0, "id": 0, "MANHOLE_PO": null }, "geometry": { "type": "Point", "coordinates": [ 30.8675794, -18.9973286 ] } },
{ "type": "Feature", "properties": { "FID": 761.0, "id": 0, "MANHOLE_PO": null }, "geometry": { "type": "Point", "coordinates": [ 30.8671086, -18.9975205 ] } },
{ "type": "Feature", "properties": { "FID": 762.0, "id": 0, "MANHOLE_PO": null }, "geometry": { "type": "Point", "coordinates": [ 30.8651865, -18.9960981 ] } },
{ "type": "Feature", "properties": { "FID": 763.0, "id": 0, "MANHOLE_PO": null }, "geometry": { "type": "Point", "coordinates": [ 30.8659152, -18.9966666 ] } },
{ "type": "Feature", "properties": { "FID": 764.0, "id": 0, "MANHOLE_PO": null }, "geometry": { "type": "Point", "coordinates": [ 30.8663926, -18.9970031 ] } },
{ "type": "Feature", "properties": { "FID": 765.0, "id": 0, "MANHOLE_PO": null }, "geometry": { "type": "Point", "coordinates": [ 30.8676652, -18.9979469 ] } },
{ "type": "Feature", "properties": { "FID": 766.0, "id": 0, "MANHOLE_PO": null }, "geometry": { "type": "Point", "coordinates": [ 30.8683825, -18.9983625 ] } },
{ "type": "Feature", "properties": { "FID": 767.0, "id": 0, "MANHOLE_PO": null }, "geometry": { "type": "Point", "coordinates": [ 30.868873, -18.9987246 ] } },
{ "type": "Feature", "properties": { "FID": 768.0, "id": 0, "MANHOLE_PO": null }, "geometry": { "type": "Point", "coordinates": [ 30.8692323, -18.9988815 ] } },
{ "type": "Feature", "properties": { "FID": 769.0, "id": 0, "MANHOLE_PO": null }, "geometry": { "type": "Point", "coordinates": [ 30.8702315, -18.9971269 ] } },
{ "type": "Feature", "properties": { "FID": 770.0, "id": 0, "MANHOLE_PO": null }, "geometry": { "type": "Point", "coordinates": [ 30.8695095, -18.9973381 ] } },
{ "type": "Feature", "properties": { "FID": 771.0, "id": 0, "MANHOLE_PO": null }, "geometry": { "type": "Point", "coordinates": [ 30.8687706, -18.9975715 ] } },
{ "type": "Feature", "properties": { "FID": 772.0, "id": 0, "MANHOLE_PO": null }, "geometry": { "type": "Point", "coordinates": [ 30.8698682, -18.9978069 ] } },
{ "type": "Feature", "properties": { "FID": 773.0, "id": 0, "MANHOLE_PO": null }, "geometry": { "type": "Point", "coordinates": [ 30.8690419, -18.998071 ] } },
{ "type": "Feature", "properties": { "FID": 774.0, "id": 0, "MANHOLE_PO": null }, "geometry": { "type": "Point", "coordinates": [ 30.8687558, -18.9979468 ] } },
{ "type": "Feature", "properties": { "FID": 775.0, "id": 0, "MANHOLE_PO": null }, "geometry": { "type": "Point", "coordinates": [ 30.8691611, -18.998171 ] } },
{ "type": "Feature", "properties": { "FID": 776.0, "id": 0, "MANHOLE_PO": null }, "geometry": { "type": "Point", "coordinates": [ 30.8698113, -18.9980735 ] } },
{ "type": "Feature", "properties": { "FID": 777.0, "id": 0, "MANHOLE_PO": null }, "geometry": { "type": "Point", "coordinates": [ 30.8699474, -18.9984187 ] } },
{ "type": "Feature", "properties": { "FID": 778.0, "id": 0, "MANHOLE_PO": null }, "geometry": { "type": "Point", "coordinates": [ 30.869511, -18.998541 ] } },
{ "type": "Feature", "properties": { "FID": 779.0, "id": 0, "MANHOLE_PO": null }, "geometry": { "type": "Point", "coordinates": [ 30.8693499, -18.9985805 ] } },
{ "type": "Feature", "properties": { "FID": 780.0, "id": 0, "MANHOLE_PO": null }, "geometry": { "type": "Point", "coordinates": [ 30.8701593, -18.9972756 ] } },
{ "type": "Feature", "properties": { "FID": 781.0, "id": 0, "MANHOLE_PO": null }, "geometry": { "type": "Point", "coordinates": [ 30.8703529, -18.9978379 ] } },
{ "type": "Feature", "properties": { "FID": 782.0, "id": 0, "MANHOLE_PO": null }, "geometry": { "type": "Point", "coordinates": [ 30.8705102, -18.9983584 ] } },
{ "type": "Feature", "properties": { "FID": 783.0, "id": 0, "MANHOLE_PO": null }, "geometry": { "type": "Point", "coordinates": [ 30.8706131, -18.9968449 ] } },
{ "type": "Feature", "properties": { "FID": 784.0, "id": 0, "MANHOLE_PO": null }, "geometry": { "type": "Point", "coordinates": [ 30.8708841, -18.9976308 ] } },
{ "type": "Feature", "properties": { "FID": 785.0, "id": 0, "MANHOLE_PO": null }, "geometry": { "type": "Point", "coordinates": [ 30.8711099, -18.9982889 ] } },
{ "type": "Feature", "properties": { "FID": 786.0, "id": 0, "MANHOLE_PO": null }, "geometry": { "type": "Point", "coordinates": [ 30.8712259, -18.9986403 ] } },
{ "type": "Feature", "properties": { "FID": 787.0, "id": 0, "MANHOLE_PO": null }, "geometry": { "type": "Point", "coordinates": [ 30.8697414, -18.9991005 ] } },
{ "type": "Feature", "properties": { "FID": 788.0, "id": 0, "MANHOLE_PO": null }, "geometry": { "type": "Point", "coordinates": [ 30.869993, -18.9830016 ] } },
{ "type": "Feature", "properties": { "FID": 789.0, "id": 0, "MANHOLE_PO": null }, "geometry": { "type": "Point", "coordinates": [ 30.8696824, -18.9842773 ] } },
{ "type": "Feature", "properties": { "FID": 790.0, "id": 0, "MANHOLE_PO": null }, "geometry": { "type": "Point", "coordinates": [ 30.8696045, -18.9846201 ] } },
{ "type": "Feature", "properties": { "FID": 791.0, "id": 0, "MANHOLE_PO": null }, "geometry": { "type": "Point", "coordinates": [ 30.8695289, -18.9853002 ] } },
{ "type": "Feature", "properties": { "FID": 792.0, "id": 0, "MANHOLE_PO": null }, "geometry": { "type": "Point", "coordinates": [ 30.8714914, -18.9835407 ] } },
{ "type": "Feature", "properties": { "FID": 793.0, "id": 0, "MANHOLE_PO": null }, "geometry": { "type": "Point", "coordinates": [ 30.8708109, -18.9833929 ] } },
{ "type": "Feature", "properties": { "FID": 794.0, "id": 0, "MANHOLE_PO": null }, "geometry": { "type": "Point", "coordinates": [ 30.8703105, -18.9832853 ] } },
{ "type": "Feature", "properties": { "FID": 795.0, "id": 0, "MANHOLE_PO": null }, "geometry": { "type": "Point", "coordinates": [ 30.8712634, -18.9841109 ] } },
{ "type": "Feature", "properties": { "FID": 796.0, "id": 0, "MANHOLE_PO": null }, "geometry": { "type": "Point", "coordinates": [ 30.8706629, -18.9839894 ] } },
{ "type": "Feature", "properties": { "FID": 797.0, "id": 0, "MANHOLE_PO": null }, "geometry": { "type": "Point", "coordinates": [ 30.8701359, -18.9838688 ] } },
{ "type": "Feature", "properties": { "FID": 798.0, "id": 0, "MANHOLE_PO": null }, "geometry": { "type": "Point", "coordinates": [ 30.8717713, -18.9836267 ] } },
{ "type": "Feature", "properties": { "FID": 799.0, "id": 0, "MANHOLE_PO": null }, "geometry": { "type": "Point", "coordinates": [ 30.8715803, -18.9844455 ] } },
{ "type": "Feature", "properties": { "FID": 800.0, "id": 0, "MANHOLE_PO": null }, "geometry": { "type": "Point", "coordinates": [ 30.8714757, -18.9847816 ] } },
{ "type": "Feature", "properties": { "FID": 801.0, "id": 0, "MANHOLE_PO": null }, "geometry": { "type": "Point", "coordinates": [ 30.8706876, -18.9846771 ] } },
{ "type": "Feature", "properties": { "FID": 802.0, "id": 0, "MANHOLE_PO": null }, "geometry": { "type": "Point", "coordinates": [ 30.8699932, -18.9845672 ] } },
{ "type": "Feature", "properties": { "FID": 803.0, "id": 0, "MANHOLE_PO": null }, "geometry": { "type": "Point", "coordinates": [ 30.8714585, -18.9853447 ] } },
{ "type": "Feature", "properties": { "FID": 804.0, "id": 0, "MANHOLE_PO": null }, "geometry": { "type": "Point", "coordinates": [ 30.8706264, -18.985281 ] } },
{ "type": "Feature", "properties": { "FID": 805.0, "id": 0, "MANHOLE_PO": null }, "geometry": { "type": "Point", "coordinates": [ 30.8699316, -18.9851998 ] } },
{ "type": "Feature", "properties": { "FID": 806.0, "id": 0, "MANHOLE_PO": null }, "geometry": { "type": "Point", "coordinates": [ 30.8713511, -18.9858971 ] } },
{ "type": "Feature", "properties": { "FID": 807.0, "id": 0, "MANHOLE_PO": null }, "geometry": { "type": "Point", "coordinates": [ 30.8704556, -18.9858232 ] } },
{ "type": "Feature", "properties": { "FID": 808.0, "id": 0, "MANHOLE_PO": null }, "geometry": { "type": "Point", "coordinates": [ 30.8693965, -18.9857187 ] } },
{ "type": "Feature", "properties": { "FID": 809.0, "id": 0, "MANHOLE_PO": null }, "geometry": { "type": "Point", "coordinates": [ 30.8688252, -18.9856612 ] } },
{ "type": "Feature", "properties": { "FID": 810.0, "id": 0, "MANHOLE_PO": null }, "geometry": { "type": "Point", "coordinates": [ 30.8687909, -18.9859918 ] } },
{ "type": "Feature", "properties": { "FID": 811.0, "id": 0, "MANHOLE_PO": null }, "geometry": { "type": "Point", "coordinates": [ 30.8687443, -18.9864972 ] } },
{ "type": "Feature", "properties": { "FID": 812.0, "id": 0, "MANHOLE_PO": null }, "geometry": { "type": "Point", "coordinates": [ 30.8711838, -18.9864298 ] } },
{ "type": "Feature", "properties": { "FID": 813.0, "id": 0, "MANHOLE_PO": null }, "geometry": { "type": "Point", "coordinates": [ 30.8703851, -18.9863633 ] } },
{ "type": "Feature", "properties": { "FID": 814.0, "id": 0, "MANHOLE_PO": null }, "geometry": { "type": "Point", "coordinates": [ 30.8695733, -18.986284 ] } },
{ "type": "Feature", "properties": { "FID": 815.0, "id": 0, "MANHOLE_PO": null }, "geometry": { "type": "Point", "coordinates": [ 30.8691022, -18.9862404 ] } },
{ "type": "Feature", "properties": { "FID": 816.0, "id": 0, "MANHOLE_PO": null }, "geometry": { "type": "Point", "coordinates": [ 30.86826, -18.9856547 ] } },
{ "type": "Feature", "properties": { "FID": 817.0, "id": 0, "MANHOLE_PO": null }, "geometry": { "type": "Point", "coordinates": [ 30.8681935, -18.9861503 ] } },
{ "type": "Feature", "properties": { "FID": 818.0, "id": 0, "MANHOLE_PO": null }, "geometry": { "type": "Point", "coordinates": [ 30.8681529, -18.9864426 ] } },
{ "type": "Feature", "properties": { "FID": 819.0, "id": 0, "MANHOLE_PO": null }, "geometry": { "type": "Point", "coordinates": [ 30.8678053, -18.9861586 ] } },
{ "type": "Feature", "properties": { "FID": 820.0, "id": 0, "MANHOLE_PO": null }, "geometry": { "type": "Point", "coordinates": [ 30.8670702, -18.9860928 ] } },
{ "type": "Feature", "properties": { "FID": 821.0, "id": 0, "MANHOLE_PO": null }, "geometry": { "type": "Point", "coordinates": [ 30.8665356, -18.9860453 ] } },
{ "type": "Feature", "properties": { "FID": 822.0, "id": 0, "MANHOLE_PO": null }, "geometry": { "type": "Point", "coordinates": [ 30.8723917, -18.9835034 ] } },
{ "type": "Feature", "properties": { "FID": 823.0, "id": 0, "MANHOLE_PO": null }, "geometry": { "type": "Point", "coordinates": [ 30.8721931, -18.9843953 ] } },
{ "type": "Feature", "properties": { "FID": 824.0, "id": 0, "MANHOLE_PO": null }, "geometry": { "type": "Point", "coordinates": [ 30.8720198, -18.9851315 ] } },
{ "type": "Feature", "properties": { "FID": 825.0, "id": 0, "MANHOLE_PO": null }, "geometry": { "type": "Point", "coordinates": [ 30.8717526, -18.9861563 ] } },
{ "type": "Feature", "properties": { "FID": 826.0, "id": 0, "MANHOLE_PO": null }, "geometry": { "type": "Point", "coordinates": [ 30.8716365, -18.9868678 ] } },
{ "type": "Feature", "properties": { "FID": 827.0, "id": 0, "MANHOLE_PO": null }, "geometry": { "type": "Point", "coordinates": [ 30.8716144, -18.9870266 ] } },
{ "type": "Feature", "properties": { "FID": 828.0, "id": 0, "MANHOLE_PO": null }, "geometry": { "type": "Point", "coordinates": [ 30.870839, -18.9869732 ] } },
{ "type": "Feature", "properties": { "FID": 829.0, "id": 0, "MANHOLE_PO": null }, "geometry": { "type": "Point", "coordinates": [ 30.8699096, -18.9869306 ] } },
{ "type": "Feature", "properties": { "FID": 830.0, "id": 0, "MANHOLE_PO": null }, "geometry": { "type": "Point", "coordinates": [ 30.8686331, -18.9868268 ] } },
{ "type": "Feature", "properties": { "FID": 831.0, "id": 0, "MANHOLE_PO": null }, "geometry": { "type": "Point", "coordinates": [ 30.8671559, -18.9867207 ] } },
{ "type": "Feature", "properties": { "FID": 832.0, "id": 0, "MANHOLE_PO": null }, "geometry": { "type": "Point", "coordinates": [ 30.8661729, -18.9866839 ] } },
{ "type": "Feature", "properties": { "FID": 833.0, "id": 0, "MANHOLE_PO": null }, "geometry": { "type": "Point", "coordinates": [ 30.8736884, -18.9838619 ] } },
{ "type": "Feature", "properties": { "FID": 834.0, "id": 0, "MANHOLE_PO": null }, "geometry": { "type": "Point", "coordinates": [ 30.8730878, -18.9837468 ] } },
{ "type": "Feature", "properties": { "FID": 835.0, "id": 0, "MANHOLE_PO": null }, "geometry": { "type": "Point", "coordinates": [ 30.8727407, -18.9836856 ] } },
{ "type": "Feature", "properties": { "FID": 836.0, "id": 0, "MANHOLE_PO": null }, "geometry": { "type": "Point", "coordinates": [ 30.8728586, -18.984142 ] } },
{ "type": "Feature", "properties": { "FID": 837.0, "id": 0, "MANHOLE_PO": null }, "geometry": { "type": "Point", "coordinates": [ 30.8726465, -18.9850433 ] } },
{ "type": "Feature", "properties": { "FID": 838.0, "id": 0, "MANHOLE_PO": null }, "geometry": { "type": "Point", "coordinates": [ 30.872482, -18.9858751 ] } },
{ "type": "Feature", "properties": { "FID": 839.0, "id": 0, "MANHOLE_PO": null }, "geometry": { "type": "Point", "coordinates": [ 30.8722012, -18.9858592 ] } },
{ "type": "Feature", "properties": { "FID": 840.0, "id": 0, "MANHOLE_PO": null }, "geometry": { "type": "Point", "coordinates": [ 30.8731959, -18.9860297 ] } },
{ "type": "Feature", "properties": { "FID": 841.0, "id": 0, "MANHOLE_PO": null }, "geometry": { "type": "Point", "coordinates": [ 30.873501, -18.9841303 ] } },
{ "type": "Feature", "properties": { "FID": 842.0, "id": 0, "MANHOLE_PO": null }, "geometry": { "type": "Point", "coordinates": [ 30.8732625, -18.9849994 ] } },
{ "type": "Feature", "properties": { "FID": 843.0, "id": 0, "MANHOLE_PO": null }, "geometry": { "type": "Point", "coordinates": [ 30.8731406, -18.9856408 ] } },
{ "type": "Feature", "properties": { "FID": 844.0, "id": 0, "MANHOLE_PO": null }, "geometry": { "type": "Point", "coordinates": [ 30.8730657, -18.9860123 ] } },
{ "type": "Feature", "properties": { "FID": 845.0, "id": 0, "MANHOLE_PO": null }, "geometry": { "type": "Point", "coordinates": [ 30.8730984, -18.986595 ] } },
{ "type": "Feature", "properties": { "FID": 846.0, "id": 0, "MANHOLE_PO": null }, "geometry": { "type": "Point", "coordinates": [ 30.8725109, -18.9865023 ] } },
{ "type": "Feature", "properties": { "FID": 847.0, "id": 0, "MANHOLE_PO": null }, "geometry": { "type": "Point", "coordinates": [ 30.8721174, -18.9864023 ] } },
{ "type": "Feature", "properties": { "FID": 848.0, "id": 0, "MANHOLE_PO": null }, "geometry": { "type": "Point", "coordinates": [ 30.8698184, -18.9825318 ] } },
{ "type": "Feature", "properties": { "FID": 849.0, "id": 0, "MANHOLE_PO": null }, "geometry": { "type": "Point", "coordinates": [ 30.8671623, -18.9820175 ] } },
{ "type": "Feature", "properties": { "FID": 850.0, "id": 0, "MANHOLE_PO": null }, "geometry": { "type": "Point", "coordinates": [ 30.8686571, -18.9823084 ] } },
{ "type": "Feature", "properties": { "FID": 851.0, "id": 0, "MANHOLE_PO": null }, "geometry": { "type": "Point", "coordinates": [ 30.8692502, -18.9830185 ] } },
{ "type": "Feature", "properties": { "FID": 852.0, "id": 0, "MANHOLE_PO": null }, "geometry": { "type": "Point", "coordinates": [ 30.8671278, -18.9826218 ] } },
{ "type": "Feature", "properties": { "FID": 853.0, "id": 0, "MANHOLE_PO": null }, "geometry": { "type": "Point", "coordinates": [ 30.8680722, -18.9827981 ] } },
{ "type": "Feature", "properties": { "FID": 854.0, "id": 0, "MANHOLE_PO": null }, "geometry": { "type": "Point", "coordinates": [ 30.8693499, -18.9835941 ] } },
{ "type": "Feature", "properties": { "FID": 855.0, "id": 0, "MANHOLE_PO": null }, "geometry": { "type": "Point", "coordinates": [ 30.8687092, -18.9834721 ] } },
{ "type": "Feature", "properties": { "FID": 856.0, "id": 0, "MANHOLE_PO": null }, "geometry": { "type": "Point", "coordinates": [ 30.8690297, -18.9835251 ] } },
{ "type": "Feature", "properties": { "FID": 857.0, "id": 0, "MANHOLE_PO": null }, "geometry": { "type": "Point", "coordinates": [ 30.8686235, -18.9838991 ] } },
{ "type": "Feature", "properties": { "FID": 858.0, "id": 0, "MANHOLE_PO": null }, "geometry": { "type": "Point", "coordinates": [ 30.8685425, -18.9842228 ] } },
{ "type": "Feature", "properties": { "FID": 859.0, "id": 0, "MANHOLE_PO": null }, "geometry": { "type": "Point", "coordinates": [ 30.8682454, -18.9833824 ] } },
{ "type": "Feature", "properties": { "FID": 860.0, "id": 0, "MANHOLE_PO": null }, "geometry": { "type": "Point", "coordinates": [ 30.8675782, -18.9832443 ] } },
{ "type": "Feature", "properties": { "FID": 861.0, "id": 0, "MANHOLE_PO": null }, "geometry": { "type": "Point", "coordinates": [ 30.8675064, -18.9836285 ] } },
{ "type": "Feature", "properties": { "FID": 862.0, "id": 0, "MANHOLE_PO": null }, "geometry": { "type": "Point", "coordinates": [ 30.8673791, -18.984168 ] } },
{ "type": "Feature", "properties": { "FID": 863.0, "id": 0, "MANHOLE_PO": null }, "geometry": { "type": "Point", "coordinates": [ 30.8673392, -18.9846703 ] } },
{ "type": "Feature", "properties": { "FID": 864.0, "id": 0, "MANHOLE_PO": null }, "geometry": { "type": "Point", "coordinates": [ 30.86805, -18.9837557 ] } },
{ "type": "Feature", "properties": { "FID": 865.0, "id": 0, "MANHOLE_PO": null }, "geometry": { "type": "Point", "coordinates": [ 30.8679538, -18.9842192 ] } },
{ "type": "Feature", "properties": { "FID": 866.0, "id": 0, "MANHOLE_PO": null }, "geometry": { "type": "Point", "coordinates": [ 30.8678874, -18.9847021 ] } },
{ "type": "Feature", "properties": { "FID": 867.0, "id": 0, "MANHOLE_PO": null }, "geometry": { "type": "Point", "coordinates": [ 30.8686452, -18.9845581 ] } },
{ "type": "Feature", "properties": { "FID": 868.0, "id": 0, "MANHOLE_PO": null }, "geometry": { "type": "Point", "coordinates": [ 30.8679302, -18.9844926 ] } },
{ "type": "Feature", "properties": { "FID": 869.0, "id": 0, "MANHOLE_PO": null }, "geometry": { "type": "Point", "coordinates": [ 30.8682645, -18.9845092 ] } },
{ "type": "Feature", "properties": { "FID": 870.0, "id": 0, "MANHOLE_PO": null }, "geometry": { "type": "Point", "coordinates": [ 30.8691806, -18.9840169 ] } },
{ "type": "Feature", "properties": { "FID": 871.0, "id": 0, "MANHOLE_PO": null }, "geometry": { "type": "Point", "coordinates": [ 30.869113, -18.9843375 ] } },
{ "type": "Feature", "properties": { "FID": 872.0, "id": 0, "MANHOLE_PO": null }, "geometry": { "type": "Point", "coordinates": [ 30.8690644, -18.984477 ] } },
{ "type": "Feature", "properties": { "FID": 873.0, "id": 0, "MANHOLE_PO": null }, "geometry": { "type": "Point", "coordinates": [ 30.8689999, -18.9850745 ] } },
{ "type": "Feature", "properties": { "FID": 874.0, "id": 0, "MANHOLE_PO": null }, "geometry": { "type": "Point", "coordinates": [ 30.8679269, -18.9850208 ] } },
{ "type": "Feature", "properties": { "FID": 875.0, "id": 0, "MANHOLE_PO": null }, "geometry": { "type": "Point", "coordinates": [ 30.8690093, -18.9851287 ] } },
{ "type": "Feature", "properties": { "FID": 876.0, "id": 0, "MANHOLE_PO": null }, "geometry": { "type": "Point", "coordinates": [ 30.8667407, -18.9849116 ] } },
{ "type": "Feature", "properties": { "FID": 877.0, "id": 0, "MANHOLE_PO": null }, "geometry": { "type": "Point", "coordinates": [ 30.8673087, -18.9849659 ] } },
{ "type": "Feature", "properties": { "FID": 878.0, "id": 0, "MANHOLE_PO": null }, "geometry": { "type": "Point", "coordinates": [ 30.8677491, -18.9855788 ] } },
{ "type": "Feature", "properties": { "FID": 879.0, "id": 0, "MANHOLE_PO": null }, "geometry": { "type": "Point", "coordinates": [ 30.8667904, -18.9854755 ] } },
{ "type": "Feature", "properties": { "FID": 880.0, "id": 0, "MANHOLE_PO": null }, "geometry": { "type": "Point", "coordinates": [ 30.8663061, -18.9854158 ] } },
{ "type": "Feature", "properties": { "FID": 881.0, "id": 0, "MANHOLE_PO": null }, "geometry": { "type": "Point", "coordinates": [ 30.8662022, -18.986226 ] } },
{ "type": "Feature", "properties": { "FID": 882.0, "id": 0, "MANHOLE_PO": null }, "geometry": { "type": "Point", "coordinates": [ 30.8668565, -18.9839679 ] } },
{ "type": "Feature", "properties": { "FID": 883.0, "id": 0, "MANHOLE_PO": null }, "geometry": { "type": "Point", "coordinates": [ 30.8669857, -18.9832756 ] } },
{ "type": "Feature", "properties": { "FID": 884.0, "id": 0, "MANHOLE_PO": null }, "geometry": { "type": "Point", "coordinates": [ 30.8689457, -18.9874987 ] } },
{ "type": "Feature", "properties": { "FID": 885.0, "id": 0, "MANHOLE_PO": null }, "geometry": { "type": "Point", "coordinates": [ 30.8689061, -18.9882397 ] } },
{ "type": "Feature", "properties": { "FID": 886.0, "id": 0, "MANHOLE_PO": null }, "geometry": { "type": "Point", "coordinates": [ 30.8684745, -18.9879865 ] } },
{ "type": "Feature", "properties": { "FID": 887.0, "id": 0, "MANHOLE_PO": null }, "geometry": { "type": "Point", "coordinates": [ 30.8675083, -18.9879467 ] } },
{ "type": "Feature", "properties": { "FID": 888.0, "id": 0, "MANHOLE_PO": null }, "geometry": { "type": "Point", "coordinates": [ 30.8669806, -18.9873551 ] } },
{ "type": "Feature", "properties": { "FID": 889.0, "id": 0, "MANHOLE_PO": null }, "geometry": { "type": "Point", "coordinates": [ 30.8671731, -18.9874719 ] } },
{ "type": "Feature", "properties": { "FID": 890.0, "id": 0, "MANHOLE_PO": null }, "geometry": { "type": "Point", "coordinates": [ 30.8671181, -18.9881141 ] } },
{ "type": "Feature", "properties": { "FID": 891.0, "id": 0, "MANHOLE_PO": null }, "geometry": { "type": "Point", "coordinates": [ 30.8689915, -18.9886257 ] } },
{ "type": "Feature", "properties": { "FID": 892.0, "id": 0, "MANHOLE_PO": null }, "geometry": { "type": "Point", "coordinates": [ 30.8677818, -18.988529 ] } },
{ "type": "Feature", "properties": { "FID": 893.0, "id": 0, "MANHOLE_PO": null }, "geometry": { "type": "Point", "coordinates": [ 30.8669997, -18.9884755 ] } },
{ "type": "Feature", "properties": { "FID": 894.0, "id": 0, "MANHOLE_PO": null }, "geometry": { "type": "Point", "coordinates": [ 30.8660105, -18.9884068 ] } },
{ "type": "Feature", "properties": { "FID": 895.0, "id": 0, "MANHOLE_PO": null }, "geometry": { "type": "Point", "coordinates": [ 30.869111, -18.9892253 ] } },
{ "type": "Feature", "properties": { "FID": 896.0, "id": 0, "MANHOLE_PO": null }, "geometry": { "type": "Point", "coordinates": [ 30.8679684, -18.9891104 ] } },
{ "type": "Feature", "properties": { "FID": 897.0, "id": 0, "MANHOLE_PO": null }, "geometry": { "type": "Point", "coordinates": [ 30.8670591, -18.9890681 ] } },
{ "type": "Feature", "properties": { "FID": 898.0, "id": 0, "MANHOLE_PO": null }, "geometry": { "type": "Point", "coordinates": [ 30.8698535, -18.9913405 ] } },
{ "type": "Feature", "properties": { "FID": 899.0, "id": 0, "MANHOLE_PO": null }, "geometry": { "type": "Point", "coordinates": [ 30.8689815, -18.9912573 ] } },
{ "type": "Feature", "properties": { "FID": 900.0, "id": 0, "MANHOLE_PO": null }, "geometry": { "type": "Point", "coordinates": [ 30.867087, -18.9910795 ] } },
{ "type": "Feature", "properties": { "FID": 901.0, "id": 0, "MANHOLE_PO": null }, "geometry": { "type": "Point", "coordinates": [ 30.8679224, -18.9911464 ] } },
{ "type": "Feature", "properties": { "FID": 902.0, "id": 0, "MANHOLE_PO": null }, "geometry": { "type": "Point", "coordinates": [ 30.8692558, -18.9899398 ] } },
{ "type": "Feature", "properties": { "FID": 903.0, "id": 0, "MANHOLE_PO": null }, "geometry": { "type": "Point", "coordinates": [ 30.8691852, -18.9907536 ] } },
{ "type": "Feature", "properties": { "FID": 904.0, "id": 0, "MANHOLE_PO": null }, "geometry": { "type": "Point", "coordinates": [ 30.8691387, -18.9912559 ] } },
{ "type": "Feature", "properties": { "FID": 905.0, "id": 0, "MANHOLE_PO": null }, "geometry": { "type": "Point", "coordinates": [ 30.8698566, -18.9900486 ] } },
{ "type": "Feature", "properties": { "FID": 906.0, "id": 0, "MANHOLE_PO": null }, "geometry": { "type": "Point", "coordinates": [ 30.8697326, -18.9908491 ] } },
{ "type": "Feature", "properties": { "FID": 907.0, "id": 0, "MANHOLE_PO": null }, "geometry": { "type": "Point", "coordinates": [ 30.8686513, -18.9901302 ] } },
{ "type": "Feature", "properties": { "FID": 908.0, "id": 0, "MANHOLE_PO": null }, "geometry": { "type": "Point", "coordinates": [ 30.8685965, -18.9907532 ] } },
{ "type": "Feature", "properties": { "FID": 909.0, "id": 0, "MANHOLE_PO": null }, "geometry": { "type": "Point", "coordinates": [ 30.8682573, -18.9905966 ] } },
{ "type": "Feature", "properties": { "FID": 910.0, "id": 0, "MANHOLE_PO": null }, "geometry": { "type": "Point", "coordinates": [ 30.8675891, -18.9905316 ] } },
{ "type": "Feature", "properties": { "FID": 911.0, "id": 0, "MANHOLE_PO": null }, "geometry": { "type": "Point", "coordinates": [ 30.8676118, -18.9903218 ] } },
{ "type": "Feature", "properties": { "FID": 912.0, "id": 0, "MANHOLE_PO": null }, "geometry": { "type": "Point", "coordinates": [ 30.8674059, -18.9907331 ] } },
{ "type": "Feature", "properties": { "FID": 913.0, "id": 0, "MANHOLE_PO": null }, "geometry": { "type": "Point", "coordinates": [ 30.8672208, -18.9910811 ] } },
{ "type": "Feature", "properties": { "FID": 914.0, "id": 0, "MANHOLE_PO": null }, "geometry": { "type": "Point", "coordinates": [ 30.8674095, -18.9893967 ] } },
{ "type": "Feature", "properties": { "FID": 915.0, "id": 0, "MANHOLE_PO": null }, "geometry": { "type": "Point", "coordinates": [ 30.866613, -18.9909977 ] } },
{ "type": "Feature", "properties": { "FID": 916.0, "id": 0, "MANHOLE_PO": null }, "geometry": { "type": "Point", "coordinates": [ 30.8670526, -18.9901054 ] } },
{ "type": "Feature", "properties": { "FID": 917.0, "id": 0, "MANHOLE_PO": null }, "geometry": { "type": "Point", "coordinates": [ 30.8704196, -18.989966 ] } },
{ "type": "Feature", "properties": { "FID": 918.0, "id": 0, "MANHOLE_PO": null }, "geometry": { "type": "Point", "coordinates": [ 30.8703359, -18.9907605 ] } },
{ "type": "Feature", "properties": { "FID": 919.0, "id": 0, "MANHOLE_PO": null }, "geometry": { "type": "Point", "coordinates": [ 30.8702249, -18.991593 ] } },
{ "type": "Feature", "properties": { "FID": 920.0, "id": 0, "MANHOLE_PO": null }, "geometry": { "type": "Point", "coordinates": [ 30.8708063, -18.9874374 ] } },
{ "type": "Feature", "properties": { "FID": 921.0, "id": 0, "MANHOLE_PO": null }, "geometry": { "type": "Point", "coordinates": [ 30.8705385, -18.98956 ] } },
{ "type": "Feature", "properties": { "FID": 922.0, "id": 0, "MANHOLE_PO": null }, "geometry": { "type": "Point", "coordinates": [ 30.8707271, -18.9884039 ] } },
{ "type": "Feature", "properties": { "FID": 923.0, "id": 0, "MANHOLE_PO": null }, "geometry": { "type": "Point", "coordinates": [ 30.8690947, -18.9894543 ] } },
{ "type": "Feature", "properties": { "FID": 924.0, "id": 0, "MANHOLE_PO": null }, "geometry": { "type": "Point", "coordinates": [ 30.8683844, -18.9916482 ] } },
{ "type": "Feature", "properties": { "FID": 925.0, "id": 0, "MANHOLE_PO": null }, "geometry": { "type": "Point", "coordinates": [ 30.8674767, -18.9935788 ] } },
{ "type": "Feature", "properties": { "FID": 926.0, "id": 0, "MANHOLE_PO": null }, "geometry": { "type": "Point", "coordinates": [ 30.8655665, -18.9943651 ] } },
{ "type": "Feature", "properties": { "FID": 927.0, "id": 0, "MANHOLE_PO": null }, "geometry": { "type": "Point", "coordinates": [ 30.8670524, -18.9927466 ] } },
{ "type": "Feature", "properties": { "FID": 928.0, "id": 0, "MANHOLE_PO": null }, "geometry": { "type": "Point", "coordinates": [ 30.8659095, -18.9926507 ] } },
{ "type": "Feature", "properties": { "FID": 929.0, "id": 0, "MANHOLE_PO": null }, "geometry": { "type": "Point", "coordinates": [ 30.8658027, -18.9926303 ] } },
{ "type": "Feature", "properties": { "FID": 930.0, "id": 0, "MANHOLE_PO": null }, "geometry": { "type": "Point", "coordinates": [ 30.8651708, -18.993915 ] } },
{ "type": "Feature", "properties": { "FID": 931.0, "id": 0, "MANHOLE_PO": null }, "geometry": { "type": "Point", "coordinates": [ 30.8665744, -18.9914045 ] } },
{ "type": "Feature", "properties": { "FID": 932.0, "id": 0, "MANHOLE_PO": null }, "geometry": { "type": "Point", "coordinates": [ 30.8675994, -18.9918237 ] } },
{ "type": "Feature", "properties": { "FID": 933.0, "id": 0, "MANHOLE_PO": null }, "geometry": { "type": "Point", "coordinates": [ 30.8674197, -18.9922735 ] } },
{ "type": "Feature", "properties": { "FID": 934.0, "id": 0, "MANHOLE_PO": null }, "geometry": { "type": "Point", "coordinates": [ 30.8670854, -18.993307 ] } },
{ "type": "Feature", "properties": { "FID": 935.0, "id": 0, "MANHOLE_PO": null }, "geometry": { "type": "Point", "coordinates": [ 30.8662764, -18.9932659 ] } },
{ "type": "Feature", "properties": { "FID": 936.0, "id": 0, "MANHOLE_PO": null }, "geometry": { "type": "Point", "coordinates": [ 30.8661764, -18.9932329 ] } },
{ "type": "Feature", "properties": { "FID": 937.0, "id": 0, "MANHOLE_PO": null }, "geometry": { "type": "Point", "coordinates": [ 30.865943, -18.9937012 ] } },
{ "type": "Feature", "properties": { "FID": 938.0, "id": 0, "MANHOLE_PO": null }, "geometry": { "type": "Point", "coordinates": [ 30.8656822, -18.9936918 ] } },
{ "type": "Feature", "properties": { "FID": 939.0, "id": 0, "MANHOLE_PO": null }, "geometry": { "type": "Point", "coordinates": [ 30.8700127, -18.9930225 ] } },
{ "type": "Feature", "properties": { "FID": 940.0, "id": 0, "MANHOLE_PO": null }, "geometry": { "type": "Point", "coordinates": [ 30.8670398, -18.9942548 ] } },
{ "type": "Feature", "properties": { "FID": 941.0, "id": 0, "MANHOLE_PO": null }, "geometry": { "type": "Point", "coordinates": [ 30.8652303, -18.9950231 ] } },
{ "type": "Feature", "properties": { "FID": 942.0, "id": 0, "MANHOLE_PO": null }, "geometry": { "type": "Point", "coordinates": [ 30.8660175, -18.9946758 ] } },
{ "type": "Feature", "properties": { "FID": 943.0, "id": 0, "MANHOLE_PO": null }, "geometry": { "type": "Point", "coordinates": [ 30.867874, -18.9939016 ] } },
{ "type": "Feature", "properties": { "FID": 944.0, "id": 0, "MANHOLE_PO": null }, "geometry": { "type": "Point", "coordinates": [ 30.8692598, -18.9933066 ] } },
{ "type": "Feature", "properties": { "FID": 945.0, "id": 0, "MANHOLE_PO": null }, "geometry": { "type": "Point", "coordinates": [ 30.8727233, -18.9876822 ] } },
{ "type": "Feature", "properties": { "FID": 946.0, "id": 0, "MANHOLE_PO": null }, "geometry": { "type": "Point", "coordinates": [ 30.8711023, -18.9875744 ] } },
{ "type": "Feature", "properties": { "FID": 947.0, "id": 0, "MANHOLE_PO": null }, "geometry": { "type": "Point", "coordinates": [ 30.8716371, -18.9876061 ] } },
{ "type": "Feature", "properties": { "FID": 948.0, "id": 0, "MANHOLE_PO": null }, "geometry": { "type": "Point", "coordinates": [ 30.8722287, -18.9876447 ] } },
{ "type": "Feature", "properties": { "FID": 949.0, "id": 0, "MANHOLE_PO": null }, "geometry": { "type": "Point", "coordinates": [ 30.872681, -18.9881145 ] } },
{ "type": "Feature", "properties": { "FID": 950.0, "id": 0, "MANHOLE_PO": null }, "geometry": { "type": "Point", "coordinates": [ 30.8719692, -18.9880649 ] } },
{ "type": "Feature", "properties": { "FID": 951.0, "id": 0, "MANHOLE_PO": null }, "geometry": { "type": "Point", "coordinates": [ 30.8714142, -18.9880394 ] } },
{ "type": "Feature", "properties": { "FID": 952.0, "id": 0, "MANHOLE_PO": null }, "geometry": { "type": "Point", "coordinates": [ 30.8710533, -18.988013 ] } },
{ "type": "Feature", "properties": { "FID": 953.0, "id": 0, "MANHOLE_PO": null }, "geometry": { "type": "Point", "coordinates": [ 30.873146, -18.9875916 ] } },
{ "type": "Feature", "properties": { "FID": 954.0, "id": 0, "MANHOLE_PO": null }, "geometry": { "type": "Point", "coordinates": [ 30.8729601, -18.9895815 ] } },
{ "type": "Feature", "properties": { "FID": 955.0, "id": 0, "MANHOLE_PO": null }, "geometry": { "type": "Point", "coordinates": [ 30.8730158, -18.9888821 ] } },
{ "type": "Feature", "properties": { "FID": 956.0, "id": 0, "MANHOLE_PO": null }, "geometry": { "type": "Point", "coordinates": [ 30.8731259, -18.9881196 ] } },
{ "type": "Feature", "properties": { "FID": 957.0, "id": 0, "MANHOLE_PO": null }, "geometry": { "type": "Point", "coordinates": [ 30.872513, -18.9884435 ] } },
{ "type": "Feature", "properties": { "FID": 958.0, "id": 0, "MANHOLE_PO": null }, "geometry": { "type": "Point", "coordinates": [ 30.872443, -18.9892064 ] } },
{ "type": "Feature", "properties": { "FID": 959.0, "id": 0, "MANHOLE_PO": null }, "geometry": { "type": "Point", "coordinates": [ 30.8724211, -18.9893525 ] } },
{ "type": "Feature", "properties": { "FID": 960.0, "id": 0, "MANHOLE_PO": null }, "geometry": { "type": "Point", "coordinates": [ 30.8714593, -18.9892269 ] } },
{ "type": "Feature", "properties": { "FID": 961.0, "id": 0, "MANHOLE_PO": null }, "geometry": { "type": "Point", "coordinates": [ 30.8720335, -18.9893226 ] } },
{ "type": "Feature", "properties": { "FID": 962.0, "id": 0, "MANHOLE_PO": null }, "geometry": { "type": "Point", "coordinates": [ 30.8720117, -18.9884059 ] } },
{ "type": "Feature", "properties": { "FID": 963.0, "id": 0, "MANHOLE_PO": null }, "geometry": { "type": "Point", "coordinates": [ 30.8719637, -18.9890227 ] } },
{ "type": "Feature", "properties": { "FID": 964.0, "id": 0, "MANHOLE_PO": null }, "geometry": { "type": "Point", "coordinates": [ 30.871537, -18.9883814 ] } },
{ "type": "Feature", "properties": { "FID": 965.0, "id": 0, "MANHOLE_PO": null }, "geometry": { "type": "Point", "coordinates": [ 30.8761321, -18.9879409 ] } },
{ "type": "Feature", "properties": { "FID": 966.0, "id": 0, "MANHOLE_PO": null }, "geometry": { "type": "Point", "coordinates": [ 30.8750625, -18.9878745 ] } },
{ "type": "Feature", "properties": { "FID": 967.0, "id": 0, "MANHOLE_PO": null }, "geometry": { "type": "Point", "coordinates": [ 30.873846, -18.9877874 ] } },
{ "type": "Feature", "properties": { "FID": 968.0, "id": 0, "MANHOLE_PO": null }, "geometry": { "type": "Point", "coordinates": [ 30.8734888, -18.987726 ] } },
{ "type": "Feature", "properties": { "FID": 969.0, "id": 0, "MANHOLE_PO": null }, "geometry": { "type": "Point", "coordinates": [ 30.8760471, -18.9883154 ] } },
{ "type": "Feature", "properties": { "FID": 970.0, "id": 0, "MANHOLE_PO": null }, "geometry": { "type": "Point", "coordinates": [ 30.8759825, -18.9889193 ] } },
{ "type": "Feature", "properties": { "FID": 971.0, "id": 0, "MANHOLE_PO": null }, "geometry": { "type": "Point", "coordinates": [ 30.8759297, -18.989396 ] } },
{ "type": "Feature", "properties": { "FID": 972.0, "id": 0, "MANHOLE_PO": null }, "geometry": { "type": "Point", "coordinates": [ 30.8755198, -18.9887453 ] } },
{ "type": "Feature", "properties": { "FID": 973.0, "id": 0, "MANHOLE_PO": null }, "geometry": { "type": "Point", "coordinates": [ 30.8754587, -18.9893365 ] } },
{ "type": "Feature", "properties": { "FID": 974.0, "id": 0, "MANHOLE_PO": null }, "geometry": { "type": "Point", "coordinates": [ 30.8750721, -18.9884347 ] } },
{ "type": "Feature", "properties": { "FID": 975.0, "id": 0, "MANHOLE_PO": null }, "geometry": { "type": "Point", "coordinates": [ 30.8749807, -18.9893088 ] } },
{ "type": "Feature", "properties": { "FID": 976.0, "id": 0, "MANHOLE_PO": null }, "geometry": { "type": "Point", "coordinates": [ 30.8750372, -18.988813 ] } },
{ "type": "Feature", "properties": { "FID": 977.0, "id": 0, "MANHOLE_PO": null }, "geometry": { "type": "Point", "coordinates": [ 30.8745964, -18.9882288 ] } },
{ "type": "Feature", "properties": { "FID": 978.0, "id": 0, "MANHOLE_PO": null }, "geometry": { "type": "Point", "coordinates": [ 30.874503, -18.9892619 ] } },
{ "type": "Feature", "properties": { "FID": 979.0, "id": 0, "MANHOLE_PO": null }, "geometry": { "type": "Point", "coordinates": [ 30.8745634, -18.9887153 ] } },
{ "type": "Feature", "properties": { "FID": 980.0, "id": 0, "MANHOLE_PO": null }, "geometry": { "type": "Point", "coordinates": [ 30.8740859, -18.9886493 ] } },
{ "type": "Feature", "properties": { "FID": 981.0, "id": 0, "MANHOLE_PO": null }, "geometry": { "type": "Point", "coordinates": [ 30.8740285, -18.9892183 ] } },
{ "type": "Feature", "properties": { "FID": 982.0, "id": 0, "MANHOLE_PO": null }, "geometry": { "type": "Point", "coordinates": [ 30.8741876, -18.9882814 ] } },
{ "type": "Feature", "properties": { "FID": 983.0, "id": 0, "MANHOLE_PO": null }, "geometry": { "type": "Point", "coordinates": [ 30.8736464, -18.988221 ] } },
{ "type": "Feature", "properties": { "FID": 984.0, "id": 0, "MANHOLE_PO": null }, "geometry": { "type": "Point", "coordinates": [ 30.8736002, -18.9887042 ] } },
{ "type": "Feature", "properties": { "FID": 985.0, "id": 0, "MANHOLE_PO": null }, "geometry": { "type": "Point", "coordinates": [ 30.8735541, -18.9891715 ] } },
{ "type": "Feature", "properties": { "FID": 986.0, "id": 0, "MANHOLE_PO": null }, "geometry": { "type": "Point", "coordinates": [ 30.8766309, -18.9879148 ] } },
{ "type": "Feature", "properties": { "FID": 987.0, "id": 0, "MANHOLE_PO": null }, "geometry": { "type": "Point", "coordinates": [ 30.8765721, -18.9888561 ] } },
{ "type": "Feature", "properties": { "FID": 988.0, "id": 0, "MANHOLE_PO": null }, "geometry": { "type": "Point", "coordinates": [ 30.8764647, -18.9899368 ] } },
{ "type": "Feature", "properties": { "FID": 989.0, "id": 0, "MANHOLE_PO": null }, "geometry": { "type": "Point", "coordinates": [ 30.876026, -18.989709 ] } },
{ "type": "Feature", "properties": { "FID": 990.0, "id": 0, "MANHOLE_PO": null }, "geometry": { "type": "Point", "coordinates": [ 30.8750507, -18.989596 ] } },
{ "type": "Feature", "properties": { "FID": 991.0, "id": 0, "MANHOLE_PO": null }, "geometry": { "type": "Point", "coordinates": [ 30.8740145, -18.9895332 ] } },
{ "type": "Feature", "properties": { "FID": 992.0, "id": 0, "MANHOLE_PO": null }, "geometry": { "type": "Point", "coordinates": [ 30.873333, -18.9894553 ] } },
{ "type": "Feature", "properties": { "FID": 993.0, "id": 0, "MANHOLE_PO": null }, "geometry": { "type": "Point", "coordinates": [ 30.8759689, -18.9907871 ] } },
{ "type": "Feature", "properties": { "FID": 994.0, "id": 0, "MANHOLE_PO": null }, "geometry": { "type": "Point", "coordinates": [ 30.87501, -18.9906934 ] } },
{ "type": "Feature", "properties": { "FID": 995.0, "id": 0, "MANHOLE_PO": null }, "geometry": { "type": "Point", "coordinates": [ 30.8742116, -18.9906046 ] } },
{ "type": "Feature", "properties": { "FID": 996.0, "id": 0, "MANHOLE_PO": null }, "geometry": { "type": "Point", "coordinates": [ 30.876601, -18.9902725 ] } },
{ "type": "Feature", "properties": { "FID": 997.0, "id": 0, "MANHOLE_PO": null }, "geometry": { "type": "Point", "coordinates": [ 30.8753913, -18.9901663 ] } },
{ "type": "Feature", "properties": { "FID": 998.0, "id": 0, "MANHOLE_PO": null }, "geometry": { "type": "Point", "coordinates": [ 30.873985, -18.9900101 ] } },
{ "type": "Feature", "properties": { "FID": 999.0, "id": 0, "MANHOLE_PO": null }, "geometry": { "type": "Point", "coordinates": [ 30.8739248, -18.9900094 ] } },
{ "type": "Feature", "properties": { "FID": 1000.0, "id": 0, "MANHOLE_PO": null }, "geometry": { "type": "Point", "coordinates": [ 30.8738313, -18.990788 ] } },
{ "type": "Feature", "properties": { "FID": 1001.0, "id": 0, "MANHOLE_PO": null }, "geometry": { "type": "Point", "coordinates": [ 30.8765632, -18.9914049 ] } },
{ "type": "Feature", "properties": { "FID": 1002.0, "id": 0, "MANHOLE_PO": null }, "geometry": { "type": "Point", "coordinates": [ 30.8756478, -18.9913117 ] } },
{ "type": "Feature", "properties": { "FID": 1003.0, "id": 0, "MANHOLE_PO": null }, "geometry": { "type": "Point", "coordinates": [ 30.8749861, -18.9912563 ] } },
{ "type": "Feature", "properties": { "FID": 1004.0, "id": 0, "MANHOLE_PO": null }, "geometry": { "type": "Point", "coordinates": [ 30.8764535, -18.9905572 ] } },
{ "type": "Feature", "properties": { "FID": 1005.0, "id": 0, "MANHOLE_PO": null }, "geometry": { "type": "Point", "coordinates": [ 30.8764004, -18.991053 ] } },
{ "type": "Feature", "properties": { "FID": 1006.0, "id": 0, "MANHOLE_PO": null }, "geometry": { "type": "Point", "coordinates": [ 30.8784424, -18.9904082 ] } },
{ "type": "Feature", "properties": { "FID": 1007.0, "id": 0, "MANHOLE_PO": null }, "geometry": { "type": "Point", "coordinates": [ 30.8778603, -18.9904142 ] } },
{ "type": "Feature", "properties": { "FID": 1008.0, "id": 0, "MANHOLE_PO": null }, "geometry": { "type": "Point", "coordinates": [ 30.8773259, -18.9903508 ] } },
{ "type": "Feature", "properties": { "FID": 1009.0, "id": 0, "MANHOLE_PO": null }, "geometry": { "type": "Point", "coordinates": [ 30.877025, -18.9903346 ] } },
{ "type": "Feature", "properties": { "FID": 1010.0, "id": 0, "MANHOLE_PO": null }, "geometry": { "type": "Point", "coordinates": [ 30.8769962, -18.9904934 ] } },
{ "type": "Feature", "properties": { "FID": 1011.0, "id": 0, "MANHOLE_PO": null }, "geometry": { "type": "Point", "coordinates": [ 30.8732619, -18.9905778 ] } },
{ "type": "Feature", "properties": { "FID": 1012.0, "id": 0, "MANHOLE_PO": null }, "geometry": { "type": "Point", "coordinates": [ 30.8731749, -18.9911114 ] } },
{ "type": "Feature", "properties": { "FID": 1013.0, "id": 0, "MANHOLE_PO": null }, "geometry": { "type": "Point", "coordinates": [ 30.8728552, -18.9904649 ] } },
{ "type": "Feature", "properties": { "FID": 1014.0, "id": 0, "MANHOLE_PO": null }, "geometry": { "type": "Point", "coordinates": [ 30.8719668, -18.9903593 ] } },
{ "type": "Feature", "properties": { "FID": 1015.0, "id": 0, "MANHOLE_PO": null }, "geometry": { "type": "Point", "coordinates": [ 30.8713787, -18.9903079 ] } },
{ "type": "Feature", "properties": { "FID": 1016.0, "id": 0, "MANHOLE_PO": null }, "geometry": { "type": "Point", "coordinates": [ 30.8734904, -18.9899695 ] } },
{ "type": "Feature", "properties": { "FID": 1017.0, "id": 0, "MANHOLE_PO": null }, "geometry": { "type": "Point", "coordinates": [ 30.872575, -18.9898794 ] } },
{ "type": "Feature", "properties": { "FID": 1018.0, "id": 0, "MANHOLE_PO": null }, "geometry": { "type": "Point", "coordinates": [ 30.8715227, -18.9897686 ] } },
{ "type": "Feature", "properties": { "FID": 1019.0, "id": 0, "MANHOLE_PO": null }, "geometry": { "type": "Point", "coordinates": [ 30.870868, -18.9896943 ] } },
{ "type": "Feature", "properties": { "FID": 1020.0, "id": 0, "MANHOLE_PO": null }, "geometry": { "type": "Point", "coordinates": [ 30.8756799, -18.9850909 ] } },
{ "type": "Feature", "properties": { "FID": 1021.0, "id": 0, "MANHOLE_PO": null }, "geometry": { "type": "Point", "coordinates": [ 30.875489, -18.9869502 ] } },
{ "type": "Feature", "properties": { "FID": 1022.0, "id": 0, "MANHOLE_PO": null }, "geometry": { "type": "Point", "coordinates": [ 30.8755708, -18.986302 ] } },
{ "type": "Feature", "properties": { "FID": 1023.0, "id": 0, "MANHOLE_PO": null }, "geometry": { "type": "Point", "coordinates": [ 30.8756575, -18.9855361 ] } },
{ "type": "Feature", "properties": { "FID": 1024.0, "id": 0, "MANHOLE_PO": null }, "geometry": { "type": "Point", "coordinates": [ 30.8761993, -18.9858064 ] } },
{ "type": "Feature", "properties": { "FID": 1025.0, "id": 0, "MANHOLE_PO": null }, "geometry": { "type": "Point", "coordinates": [ 30.8761035, -18.9867664 ] } },
{ "type": "Feature", "properties": { "FID": 1026.0, "id": 0, "MANHOLE_PO": null }, "geometry": { "type": "Point", "coordinates": [ 30.877183, -18.9868424 ] } },
{ "type": "Feature", "properties": { "FID": 1027.0, "id": 0, "MANHOLE_PO": null }, "geometry": { "type": "Point", "coordinates": [ 30.8758626, -18.98677 ] } },
{ "type": "Feature", "properties": { "FID": 1028.0, "id": 0, "MANHOLE_PO": null }, "geometry": { "type": "Point", "coordinates": [ 30.8772533, -18.986315 ] } },
{ "type": "Feature", "properties": { "FID": 1029.0, "id": 0, "MANHOLE_PO": null }, "geometry": { "type": "Point", "coordinates": [ 30.876508, -18.9862587 ] } },
{ "type": "Feature", "properties": { "FID": 1030.0, "id": 0, "MANHOLE_PO": null }, "geometry": { "type": "Point", "coordinates": [ 30.8773102, -18.985781 ] } },
{ "type": "Feature", "properties": { "FID": 1031.0, "id": 0, "MANHOLE_PO": null }, "geometry": { "type": "Point", "coordinates": [ 30.8767255, -18.9857297 ] } },
{ "type": "Feature", "properties": { "FID": 1032.0, "id": 0, "MANHOLE_PO": null }, "geometry": { "type": "Point", "coordinates": [ 30.876204, -18.9856983 ] } },
{ "type": "Feature", "properties": { "FID": 1033.0, "id": 0, "MANHOLE_PO": null }, "geometry": { "type": "Point", "coordinates": [ 30.877376, -18.985209 ] } },
{ "type": "Feature", "properties": { "FID": 1034.0, "id": 0, "MANHOLE_PO": null }, "geometry": { "type": "Point", "coordinates": [ 30.8767777, -18.9851703 ] } },
{ "type": "Feature", "properties": { "FID": 1035.0, "id": 0, "MANHOLE_PO": null }, "geometry": { "type": "Point", "coordinates": [ 30.8760291, -18.9851171 ] } },
{ "type": "Feature", "properties": { "FID": 1036.0, "id": 0, "MANHOLE_PO": null }, "geometry": { "type": "Point", "coordinates": [ 30.8773261, -18.9846611 ] } },
{ "type": "Feature", "properties": { "FID": 1037.0, "id": 0, "MANHOLE_PO": null }, "geometry": { "type": "Point", "coordinates": [ 30.8763304, -18.9845669 ] } },
{ "type": "Feature", "properties": { "FID": 1038.0, "id": 0, "MANHOLE_PO": null }, "geometry": { "type": "Point", "coordinates": [ 30.8778465, -18.9855612 ] } },
{ "type": "Feature", "properties": { "FID": 1039.0, "id": 0, "MANHOLE_PO": null }, "geometry": { "type": "Point", "coordinates": [ 30.8776988, -18.9874561 ] } },
{ "type": "Feature", "properties": { "FID": 1040.0, "id": 0, "MANHOLE_PO": null }, "geometry": { "type": "Point", "coordinates": [ 30.8777777, -18.9865024 ] } },
{ "type": "Feature", "properties": { "FID": 1041.0, "id": 0, "MANHOLE_PO": null }, "geometry": { "type": "Point", "coordinates": [ 30.8764351, -18.9873907 ] } },
{ "type": "Feature", "properties": { "FID": 1042.0, "id": 0, "MANHOLE_PO": null }, "geometry": { "type": "Point", "coordinates": [ 30.8756066, -18.9873048 ] } },
{ "type": "Feature", "properties": { "FID": 1043.0, "id": 0, "MANHOLE_PO": null }, "geometry": { "type": "Point", "coordinates": [ 30.8777461, -18.9884718 ] } },
{ "type": "Feature", "properties": { "FID": 1044.0, "id": 0, "MANHOLE_PO": null }, "geometry": { "type": "Point", "coordinates": [ 30.8769908, -18.9884186 ] } },
{ "type": "Feature", "properties": { "FID": 1045.0, "id": 0, "MANHOLE_PO": null }, "geometry": { "type": "Point", "coordinates": [ 30.87716, -18.9887865 ] } },
{ "type": "Feature", "properties": { "FID": 1046.0, "id": 0, "MANHOLE_PO": null }, "geometry": { "type": "Point", "coordinates": [ 30.8770836, -18.9895366 ] } },
{ "type": "Feature", "properties": { "FID": 1047.0, "id": 0, "MANHOLE_PO": null }, "geometry": { "type": "Point", "coordinates": [ 30.8776214, -18.9888108 ] } },
{ "type": "Feature", "properties": { "FID": 1048.0, "id": 0, "MANHOLE_PO": null }, "geometry": { "type": "Point", "coordinates": [ 30.8775535, -18.9894147 ] } },
{ "type": "Feature", "properties": { "FID": 1049.0, "id": 0, "MANHOLE_PO": null }, "geometry": { "type": "Point", "coordinates": [ 30.8775052, -18.9900569 ] } },
{ "type": "Feature", "properties": { "FID": 1050.0, "id": 0, "MANHOLE_PO": null }, "geometry": { "type": "Point", "coordinates": [ 30.8781195, -18.9880401 ] } },
{ "type": "Feature", "properties": { "FID": 1051.0, "id": 0, "MANHOLE_PO": null }, "geometry": { "type": "Point", "coordinates": [ 30.8780894, -18.9888353 ] } },
{ "type": "Feature", "properties": { "FID": 1052.0, "id": 0, "MANHOLE_PO": null }, "geometry": { "type": "Point", "coordinates": [ 30.8779794, -18.9901196 ] } },
{ "type": "Feature", "properties": { "FID": 1053.0, "id": 0, "MANHOLE_PO": null }, "geometry": { "type": "Point", "coordinates": [ 30.8786622, -18.9885109 ] } },
{ "type": "Feature", "properties": { "FID": 1054.0, "id": 0, "MANHOLE_PO": null }, "geometry": { "type": "Point", "coordinates": [ 30.8785579, -18.9893498 ] } },
{ "type": "Feature", "properties": { "FID": 1055.0, "id": 0, "MANHOLE_PO": null }, "geometry": { "type": "Point", "coordinates": [ 30.8784809, -18.9901445 ] } },
{ "type": "Feature", "properties": { "FID": 1056.0, "id": 0, "MANHOLE_PO": null }, "geometry": { "type": "Point", "coordinates": [ 30.8792891, -18.9881362 ] } },
{ "type": "Feature", "properties": { "FID": 1057.0, "id": 0, "MANHOLE_PO": null }, "geometry": { "type": "Point", "coordinates": [ 30.8791166, -18.9896108 ] } },
{ "type": "Feature", "properties": { "FID": 1058.0, "id": 0, "MANHOLE_PO": null }, "geometry": { "type": "Point", "coordinates": [ 30.8792069, -18.9888163 ] } },
{ "type": "Feature", "properties": { "FID": 1059.0, "id": 0, "MANHOLE_PO": null }, "geometry": { "type": "Point", "coordinates": [ 30.8790931, -18.9898778 ] } },
{ "type": "Feature", "properties": { "FID": 1060.0, "id": 0, "MANHOLE_PO": null }, "geometry": { "type": "Point", "coordinates": [ 30.8797126, -18.9890385 ] } },
{ "type": "Feature", "properties": { "FID": 1061.0, "id": 0, "MANHOLE_PO": null }, "geometry": { "type": "Point", "coordinates": [ 30.8796005, -18.9899664 ] } },
{ "type": "Feature", "properties": { "FID": 1062.0, "id": 0, "MANHOLE_PO": null }, "geometry": { "type": "Point", "coordinates": [ 30.8808628, -18.9901336 ] } },
{ "type": "Feature", "properties": { "FID": 1063.0, "id": 0, "MANHOLE_PO": null }, "geometry": { "type": "Point", "coordinates": [ 30.8801476, -18.9900809 ] } },
{ "type": "Feature", "properties": { "FID": 1064.0, "id": 0, "MANHOLE_PO": null }, "geometry": { "type": "Point", "coordinates": [ 30.8794126, -18.9900088 ] } },
{ "type": "Feature", "properties": { "FID": 1065.0, "id": 0, "MANHOLE_PO": null }, "geometry": { "type": "Point", "coordinates": [ 30.881303, -18.9897186 ] } },
{ "type": "Feature", "properties": { "FID": 1066.0, "id": 0, "MANHOLE_PO": null }, "geometry": { "type": "Point", "coordinates": [ 30.8812349, -18.9903352 ] } },
{ "type": "Feature", "properties": { "FID": 1067.0, "id": 0, "MANHOLE_PO": null }, "geometry": { "type": "Point", "coordinates": [ 30.8796568, -18.9886878 ] } },
{ "type": "Feature", "properties": { "FID": 1068.0, "id": 0, "MANHOLE_PO": null }, "geometry": { "type": "Point", "coordinates": [ 30.8803651, -18.9887596 ] } },
{ "type": "Feature", "properties": { "FID": 1069.0, "id": 0, "MANHOLE_PO": null }, "geometry": { "type": "Point", "coordinates": [ 30.8812712, -18.9895846 ] } },
{ "type": "Feature", "properties": { "FID": 1070.0, "id": 0, "MANHOLE_PO": null }, "geometry": { "type": "Point", "coordinates": [ 30.8803717, -18.9882377 ] } },
{ "type": "Feature", "properties": { "FID": 1071.0, "id": 0, "MANHOLE_PO": null }, "geometry": { "type": "Point", "coordinates": [ 30.8807057, -18.9882734 ] } },
{ "type": "Feature", "properties": { "FID": 1072.0, "id": 0, "MANHOLE_PO": null }, "geometry": { "type": "Point", "coordinates": [ 30.8818285, -18.9894255 ] } },
{ "type": "Feature", "properties": { "FID": 1073.0, "id": 0, "MANHOLE_PO": null }, "geometry": { "type": "Point", "coordinates": [ 30.8818029, -18.9898643 ] } },
{ "type": "Feature", "properties": { "FID": 1074.0, "id": 0, "MANHOLE_PO": null }, "geometry": { "type": "Point", "coordinates": [ 30.88176, -18.9906085 ] } },
{ "type": "Feature", "properties": { "FID": 1075.0, "id": 0, "MANHOLE_PO": null }, "geometry": { "type": "Point", "coordinates": [ 30.8789972, -18.9863572 ] } },
{ "type": "Feature", "properties": { "FID": 1076.0, "id": 0, "MANHOLE_PO": null }, "geometry": { "type": "Point", "coordinates": [ 30.8789218, -18.9872919 ] } },
{ "type": "Feature", "properties": { "FID": 1077.0, "id": 0, "MANHOLE_PO": null }, "geometry": { "type": "Point", "coordinates": [ 30.8795442, -18.9862171 ] } },
{ "type": "Feature", "properties": { "FID": 1078.0, "id": 0, "MANHOLE_PO": null }, "geometry": { "type": "Point", "coordinates": [ 30.8794226, -18.987635 ] } },
{ "type": "Feature", "properties": { "FID": 1079.0, "id": 0, "MANHOLE_PO": null }, "geometry": { "type": "Point", "coordinates": [ 30.8783832, -18.9875562 ] } },
{ "type": "Feature", "properties": { "FID": 1080.0, "id": 0, "MANHOLE_PO": null }, "geometry": { "type": "Point", "coordinates": [ 30.8785073, -18.9859475 ] } },
{ "type": "Feature", "properties": { "FID": 1081.0, "id": 0, "MANHOLE_PO": null }, "geometry": { "type": "Point", "coordinates": [ 30.8784164, -18.9867865 ] } },
{ "type": "Feature", "properties": { "FID": 1082.0, "id": 0, "MANHOLE_PO": null }, "geometry": { "type": "Point", "coordinates": [ 30.8794644, -18.9869767 ] } },
{ "type": "Feature", "properties": { "FID": 1083.0, "id": 0, "MANHOLE_PO": null }, "geometry": { "type": "Point", "coordinates": [ 30.8789546, -18.9868182 ] } },
{ "type": "Feature", "properties": { "FID": 1084.0, "id": 0, "MANHOLE_PO": null }, "geometry": { "type": "Point", "coordinates": [ 30.879961, -18.9860628 ] } },
{ "type": "Feature", "properties": { "FID": 1085.0, "id": 0, "MANHOLE_PO": null }, "geometry": { "type": "Point", "coordinates": [ 30.8800385, -18.9865474 ] } },
{ "type": "Feature", "properties": { "FID": 1086.0, "id": 0, "MANHOLE_PO": null }, "geometry": { "type": "Point", "coordinates": [ 30.8831217, -18.9866272 ] } },
{ "type": "Feature", "properties": { "FID": 1087.0, "id": 0, "MANHOLE_PO": null }, "geometry": { "type": "Point", "coordinates": [ 30.8817751, -18.9878274 ] } },
{ "type": "Feature", "properties": { "FID": 1088.0, "id": 0, "MANHOLE_PO": null }, "geometry": { "type": "Point", "coordinates": [ 30.8824994, -18.9871611 ] } },
{ "type": "Feature", "properties": { "FID": 1089.0, "id": 0, "MANHOLE_PO": null }, "geometry": { "type": "Point", "coordinates": [ 30.8821269, -18.9875196 ] } },
{ "type": "Feature", "properties": { "FID": 1090.0, "id": 0, "MANHOLE_PO": null }, "geometry": { "type": "Point", "coordinates": [ 30.8812, -18.9872798 ] } },
{ "type": "Feature", "properties": { "FID": 1091.0, "id": 0, "MANHOLE_PO": null }, "geometry": { "type": "Point", "coordinates": [ 30.8798497, -18.987188 ] } },
{ "type": "Feature", "properties": { "FID": 1092.0, "id": 0, "MANHOLE_PO": null }, "geometry": { "type": "Point", "coordinates": [ 30.8800031, -18.987228 ] } },
{ "type": "Feature", "properties": { "FID": 1093.0, "id": 0, "MANHOLE_PO": null }, "geometry": { "type": "Point", "coordinates": [ 30.8809462, -18.9877734 ] } },
{ "type": "Feature", "properties": { "FID": 1094.0, "id": 0, "MANHOLE_PO": null }, "geometry": { "type": "Point", "coordinates": [ 30.8815345, -18.9883402 ] } },
{ "type": "Feature", "properties": { "FID": 1095.0, "id": 0, "MANHOLE_PO": null }, "geometry": { "type": "Point", "coordinates": [ 30.8797297, -18.9876831 ] } },
{ "type": "Feature", "properties": { "FID": 1096.0, "id": 0, "MANHOLE_PO": null }, "geometry": { "type": "Point", "coordinates": [ 30.8808327, -18.9877593 ] } },
{ "type": "Feature", "properties": { "FID": 1097.0, "id": 0, "MANHOLE_PO": null }, "geometry": { "type": "Point", "coordinates": [ 30.8830147, -18.9874184 ] } },
{ "type": "Feature", "properties": { "FID": 1098.0, "id": 0, "MANHOLE_PO": null }, "geometry": { "type": "Point", "coordinates": [ 30.8823549, -18.9880059 ] } },
{ "type": "Feature", "properties": { "FID": 1099.0, "id": 0, "MANHOLE_PO": null }, "geometry": { "type": "Point", "coordinates": [ 30.8826829, -18.9879969 ] } },
{ "type": "Feature", "properties": { "FID": 1100.0, "id": 0, "MANHOLE_PO": null }, "geometry": { "type": "Point", "coordinates": [ 30.8832219, -18.9884931 ] } },
{ "type": "Feature", "properties": { "FID": 1101.0, "id": 0, "MANHOLE_PO": null }, "geometry": { "type": "Point", "coordinates": [ 30.8832638, -18.9878222 ] } },
{ "type": "Feature", "properties": { "FID": 1102.0, "id": 0, "MANHOLE_PO": null }, "geometry": { "type": "Point", "coordinates": [ 30.883951, -18.9884983 ] } },
{ "type": "Feature", "properties": { "FID": 1103.0, "id": 0, "MANHOLE_PO": null }, "geometry": { "type": "Point", "coordinates": [ 30.8848836, -18.9885535 ] } },
{ "type": "Feature", "properties": { "FID": 1104.0, "id": 0, "MANHOLE_PO": null }, "geometry": { "type": "Point", "coordinates": [ 30.8825701, -18.9887116 ] } },
{ "type": "Feature", "properties": { "FID": 1105.0, "id": 0, "MANHOLE_PO": null }, "geometry": { "type": "Point", "coordinates": [ 30.8829133, -18.9890847 ] } },
{ "type": "Feature", "properties": { "FID": 1106.0, "id": 0, "MANHOLE_PO": null }, "geometry": { "type": "Point", "coordinates": [ 30.8828549, -18.9900005 ] } },
{ "type": "Feature", "properties": { "FID": 1107.0, "id": 0, "MANHOLE_PO": null }, "geometry": { "type": "Point", "coordinates": [ 30.8821452, -18.9889868 ] } },
{ "type": "Feature", "properties": { "FID": 1108.0, "id": 0, "MANHOLE_PO": null }, "geometry": { "type": "Point", "coordinates": [ 30.8824293, -18.9892701 ] } },
{ "type": "Feature", "properties": { "FID": 1109.0, "id": 0, "MANHOLE_PO": null }, "geometry": { "type": "Point", "coordinates": [ 30.8823241, -18.990179 ] } },
{ "type": "Feature", "properties": { "FID": 1110.0, "id": 0, "MANHOLE_PO": null }, "geometry": { "type": "Point", "coordinates": [ 30.8829591, -18.9902244 ] } },
{ "type": "Feature", "properties": { "FID": 1111.0, "id": 0, "MANHOLE_PO": null }, "geometry": { "type": "Point", "coordinates": [ 30.883351, -18.9904517 ] } },
{ "type": "Feature", "properties": { "FID": 1112.0, "id": 0, "MANHOLE_PO": null }, "geometry": { "type": "Point", "coordinates": [ 30.8834063, -18.9897777 ] } },
{ "type": "Feature", "properties": { "FID": 1113.0, "id": 0, "MANHOLE_PO": null }, "geometry": { "type": "Point", "coordinates": [ 30.8845751, -18.9899374 ] } },
{ "type": "Feature", "properties": { "FID": 1114.0, "id": 0, "MANHOLE_PO": null }, "geometry": { "type": "Point", "coordinates": [ 30.8839204, -18.9898663 ] } },
{ "type": "Feature", "properties": { "FID": 1115.0, "id": 0, "MANHOLE_PO": null }, "geometry": { "type": "Point", "coordinates": [ 30.8833919, -18.9898602 ] } },
{ "type": "Feature", "properties": { "FID": 1116.0, "id": 0, "MANHOLE_PO": null }, "geometry": { "type": "Point", "coordinates": [ 30.8844957, -18.9904011 ] } },
{ "type": "Feature", "properties": { "FID": 1117.0, "id": 0, "MANHOLE_PO": null }, "geometry": { "type": "Point", "coordinates": [ 30.8837203, -18.9903477 ] } },
{ "type": "Feature", "properties": { "FID": 1118.0, "id": 0, "MANHOLE_PO": null }, "geometry": { "type": "Point", "coordinates": [ 30.8846213, -18.9894606 ] } },
{ "type": "Feature", "properties": { "FID": 1119.0, "id": 0, "MANHOLE_PO": null }, "geometry": { "type": "Point", "coordinates": [ 30.8837121, -18.9894057 ] } },
{ "type": "Feature", "properties": { "FID": 1120.0, "id": 0, "MANHOLE_PO": null }, "geometry": { "type": "Point", "coordinates": [ 30.8834526, -18.9887663 ] } },
{ "type": "Feature", "properties": { "FID": 1121.0, "id": 0, "MANHOLE_PO": null }, "geometry": { "type": "Point", "coordinates": [ 30.883405, -18.9893512 ] } },
{ "type": "Feature", "properties": { "FID": 1122.0, "id": 0, "MANHOLE_PO": null }, "geometry": { "type": "Point", "coordinates": [ 30.8806382, -18.9896473 ] } },
{ "type": "Feature", "properties": { "FID": 1123.0, "id": 0, "MANHOLE_PO": null }, "geometry": { "type": "Point", "coordinates": [ 30.8799398, -18.9895821 ] } },
{ "type": "Feature", "properties": { "FID": 1124.0, "id": 0, "MANHOLE_PO": null }, "geometry": { "type": "Point", "coordinates": [ 30.8803997, -18.9891959 ] } },
{ "type": "Feature", "properties": { "FID": 1125.0, "id": 0, "MANHOLE_PO": null }, "geometry": { "type": "Point", "coordinates": [ 30.8799686, -18.9891591 ] } },
{ "type": "Feature", "properties": { "FID": 1126.0, "id": 0, "MANHOLE_PO": null }, "geometry": { "type": "Point", "coordinates": [ 30.8805101, -18.9894549 ] } },
{ "type": "Feature", "properties": { "FID": 1127.0, "id": 0, "MANHOLE_PO": null }, "geometry": { "type": "Point", "coordinates": [ 30.8808899, -18.9898411 ] } },
{ "type": "Feature", "properties": { "FID": 1128.0, "id": 0, "MANHOLE_PO": null }, "geometry": { "type": "Point", "coordinates": [ 30.8832198, -18.9870675 ] } },
{ "type": "Feature", "properties": { "FID": 1129.0, "id": 0, "MANHOLE_PO": null }, "geometry": { "type": "Point", "coordinates": [ 30.8837848, -18.9876213 ] } },
{ "type": "Feature", "properties": { "FID": 1130.0, "id": 0, "MANHOLE_PO": null }, "geometry": { "type": "Point", "coordinates": [ 30.8841816, -18.9879918 ] } },
{ "type": "Feature", "properties": { "FID": 1131.0, "id": 0, "MANHOLE_PO": null }, "geometry": { "type": "Point", "coordinates": [ 30.8854413, -18.9880985 ] } },
{ "type": "Feature", "properties": { "FID": 1132.0, "id": 0, "MANHOLE_PO": null }, "geometry": { "type": "Point", "coordinates": [ 30.8851762, -18.9884327 ] } },
{ "type": "Feature", "properties": { "FID": 1133.0, "id": 0, "MANHOLE_PO": null }, "geometry": { "type": "Point", "coordinates": [ 30.8848559, -18.990488 ] } },
{ "type": "Feature", "properties": { "FID": 1134.0, "id": 0, "MANHOLE_PO": null }, "geometry": { "type": "Point", "coordinates": [ 30.8849663, -18.9896937 ] } },
{ "type": "Feature", "properties": { "FID": 1135.0, "id": 0, "MANHOLE_PO": null }, "geometry": { "type": "Point", "coordinates": [ 30.8850614, -18.9890456 ] } },
{ "type": "Feature", "properties": { "FID": 1136.0, "id": 0, "MANHOLE_PO": null }, "geometry": { "type": "Point", "coordinates": [ 30.8853776, -18.9910285 ] } },
{ "type": "Feature", "properties": { "FID": 1137.0, "id": 0, "MANHOLE_PO": null }, "geometry": { "type": "Point", "coordinates": [ 30.8857102, -18.9885311 ] } },
{ "type": "Feature", "properties": { "FID": 1138.0, "id": 0, "MANHOLE_PO": null }, "geometry": { "type": "Point", "coordinates": [ 30.8854405, -18.9902846 ] } },
{ "type": "Feature", "properties": { "FID": 1139.0, "id": 0, "MANHOLE_PO": null }, "geometry": { "type": "Point", "coordinates": [ 30.8855871, -18.989268 ] } },
{ "type": "Feature", "properties": { "FID": 1140.0, "id": 0, "MANHOLE_PO": null }, "geometry": { "type": "Point", "coordinates": [ 30.8881418, -18.9888262 ] } },
{ "type": "Feature", "properties": { "FID": 1141.0, "id": 0, "MANHOLE_PO": null }, "geometry": { "type": "Point", "coordinates": [ 30.8867453, -18.988683 ] } },
{ "type": "Feature", "properties": { "FID": 1142.0, "id": 0, "MANHOLE_PO": null }, "geometry": { "type": "Point", "coordinates": [ 30.8858704, -18.9885584 ] } },
{ "type": "Feature", "properties": { "FID": 1143.0, "id": 0, "MANHOLE_PO": null }, "geometry": { "type": "Point", "coordinates": [ 30.8865954, -18.9904824 ] } },
{ "type": "Feature", "properties": { "FID": 1144.0, "id": 0, "MANHOLE_PO": null }, "geometry": { "type": "Point", "coordinates": [ 30.8867122, -18.9897136 ] } },
{ "type": "Feature", "properties": { "FID": 1145.0, "id": 0, "MANHOLE_PO": null }, "geometry": { "type": "Point", "coordinates": [ 30.8872223, -18.9906487 ] } },
{ "type": "Feature", "properties": { "FID": 1146.0, "id": 0, "MANHOLE_PO": null }, "geometry": { "type": "Point", "coordinates": [ 30.8873066, -18.9897968 ] } },
{ "type": "Feature", "properties": { "FID": 1147.0, "id": 0, "MANHOLE_PO": null }, "geometry": { "type": "Point", "coordinates": [ 30.8882056, -18.9911881 ] } },
{ "type": "Feature", "properties": { "FID": 1148.0, "id": 0, "MANHOLE_PO": null }, "geometry": { "type": "Point", "coordinates": [ 30.8862616, -18.9909559 ] } },
{ "type": "Feature", "properties": { "FID": 1149.0, "id": 0, "MANHOLE_PO": null }, "geometry": { "type": "Point", "coordinates": [ 30.8860195, -18.9905267 ] } },
{ "type": "Feature", "properties": { "FID": 1150.0, "id": 0, "MANHOLE_PO": null }, "geometry": { "type": "Point", "coordinates": [ 30.8862168, -18.9892052 ] } },
{ "type": "Feature", "properties": { "FID": 1151.0, "id": 0, "MANHOLE_PO": null }, "geometry": { "type": "Point", "coordinates": [ 30.8884082, -18.9894466 ] } },
{ "type": "Feature", "properties": { "FID": 1152.0, "id": 0, "MANHOLE_PO": null }, "geometry": { "type": "Point", "coordinates": [ 30.8874261, -18.9893399 ] } },
{ "type": "Feature", "properties": { "FID": 1153.0, "id": 0, "MANHOLE_PO": null }, "geometry": { "type": "Point", "coordinates": [ 30.8886159, -18.988367 ] } },
{ "type": "Feature", "properties": { "FID": 1154.0, "id": 0, "MANHOLE_PO": null }, "geometry": { "type": "Point", "coordinates": [ 30.8890208, -18.9896827 ] } },
{ "type": "Feature", "properties": { "FID": 1155.0, "id": 0, "MANHOLE_PO": null }, "geometry": { "type": "Point", "coordinates": [ 30.888868, -18.9906547 ] } },
{ "type": "Feature", "properties": { "FID": 1156.0, "id": 0, "MANHOLE_PO": null }, "geometry": { "type": "Point", "coordinates": [ 30.8881597, -18.9905894 ] } },
{ "type": "Feature", "properties": { "FID": 1157.0, "id": 0, "MANHOLE_PO": null }, "geometry": { "type": "Point", "coordinates": [ 30.8916037, -18.9912396 ] } },
{ "type": "Feature", "properties": { "FID": 1158.0, "id": 0, "MANHOLE_PO": null }, "geometry": { "type": "Point", "coordinates": [ 30.891904, -18.9886464 ] } },
{ "type": "Feature", "properties": { "FID": 1159.0, "id": 0, "MANHOLE_PO": null }, "geometry": { "type": "Point", "coordinates": [ 30.8906495, -18.9862645 ] } },
{ "type": "Feature", "properties": { "FID": 1160.0, "id": 0, "MANHOLE_PO": null }, "geometry": { "type": "Point", "coordinates": [ 30.8928187, -18.9914571 ] } },
{ "type": "Feature", "properties": { "FID": 1161.0, "id": 0, "MANHOLE_PO": null }, "geometry": { "type": "Point", "coordinates": [ 30.8930818, -18.9896908 ] } },
{ "type": "Feature", "properties": { "FID": 1162.0, "id": 0, "MANHOLE_PO": null }, "geometry": { "type": "Point", "coordinates": [ 30.8918326, -18.9900712 ] } },
{ "type": "Feature", "properties": { "FID": 1163.0, "id": 0, "MANHOLE_PO": null }, "geometry": { "type": "Point", "coordinates": [ 30.8929103, -18.9905544 ] } },
{ "type": "Feature", "properties": { "FID": 1164.0, "id": 0, "MANHOLE_PO": null }, "geometry": { "type": "Point", "coordinates": [ 30.8956107, -18.9918199 ] } },
{ "type": "Feature", "properties": { "FID": 1165.0, "id": 0, "MANHOLE_PO": null }, "geometry": { "type": "Point", "coordinates": [ 30.8956157, -18.9914253 ] } },
{ "type": "Feature", "properties": { "FID": 1166.0, "id": 0, "MANHOLE_PO": null }, "geometry": { "type": "Point", "coordinates": [ 30.8959344, -18.9894942 ] } },
{ "type": "Feature", "properties": { "FID": 1167.0, "id": 0, "MANHOLE_PO": null }, "geometry": { "type": "Point", "coordinates": [ 30.8954248, -18.9895775 ] } },
{ "type": "Feature", "properties": { "FID": 1168.0, "id": 0, "MANHOLE_PO": null }, "geometry": { "type": "Point", "coordinates": [ 30.8933675, -18.9893122 ] } },
{ "type": "Feature", "properties": { "FID": 1169.0, "id": 0, "MANHOLE_PO": null }, "geometry": { "type": "Point", "coordinates": [ 30.8946894, -18.9906001 ] } },
{ "type": "Feature", "properties": { "FID": 1170.0, "id": 0, "MANHOLE_PO": null }, "geometry": { "type": "Point", "coordinates": [ 30.8938744, -18.9905018 ] } },
{ "type": "Feature", "properties": { "FID": 1171.0, "id": 0, "MANHOLE_PO": null }, "geometry": { "type": "Point", "coordinates": [ 30.893988, -18.9899812 ] } },
{ "type": "Feature", "properties": { "FID": 1172.0, "id": 0, "MANHOLE_PO": null }, "geometry": { "type": "Point", "coordinates": [ 30.8953915, -18.990099 ] } },
{ "type": "Feature", "properties": { "FID": 1173.0, "id": 0, "MANHOLE_PO": null }, "geometry": { "type": "Point", "coordinates": [ 30.8951103, -18.9911777 ] } },
{ "type": "Feature", "properties": { "FID": 1174.0, "id": 0, "MANHOLE_PO": null }, "geometry": { "type": "Point", "coordinates": [ 30.8952306, -18.9901226 ] } },
{ "type": "Feature", "properties": { "FID": 1175.0, "id": 0, "MANHOLE_PO": null }, "geometry": { "type": "Point", "coordinates": [ 30.8938548, -18.990998 ] } },
{ "type": "Feature", "properties": { "FID": 1176.0, "id": 0, "MANHOLE_PO": null }, "geometry": { "type": "Point", "coordinates": [ 30.8923138, -18.9911713 ] } },
{ "type": "Feature", "properties": { "FID": 1177.0, "id": 0, "MANHOLE_PO": null }, "geometry": { "type": "Point", "coordinates": [ 30.8926144, -18.9885526 ] } },
{ "type": "Feature", "properties": { "FID": 1178.0, "id": 0, "MANHOLE_PO": null }, "geometry": { "type": "Point", "coordinates": [ 30.8916205, -18.9867211 ] } },
{ "type": "Feature", "properties": { "FID": 1179.0, "id": 0, "MANHOLE_PO": null }, "geometry": { "type": "Point", "coordinates": [ 30.8921188, -18.9875287 ] } },
{ "type": "Feature", "properties": { "FID": 1180.0, "id": 0, "MANHOLE_PO": null }, "geometry": { "type": "Point", "coordinates": [ 30.8923893, -18.9904848 ] } },
{ "type": "Feature", "properties": { "FID": 1181.0, "id": 0, "MANHOLE_PO": null }, "geometry": { "type": "Point", "coordinates": [ 30.8926199, -18.9891764 ] } },
{ "type": "Feature", "properties": { "FID": 1182.0, "id": 0, "MANHOLE_PO": null }, "geometry": { "type": "Point", "coordinates": [ 30.8915527, -18.9878532 ] } },
{ "type": "Feature", "properties": { "FID": 1183.0, "id": 0, "MANHOLE_PO": null }, "geometry": { "type": "Point", "coordinates": [ 30.8911076, -18.9870716 ] } },
{ "type": "Feature", "properties": { "FID": 1184.0, "id": 0, "MANHOLE_PO": null }, "geometry": { "type": "Point", "coordinates": [ 30.8902934, -18.9879788 ] } },
{ "type": "Feature", "properties": { "FID": 1185.0, "id": 0, "MANHOLE_PO": null }, "geometry": { "type": "Point", "coordinates": [ 30.8898479, -18.9872227 ] } },
{ "type": "Feature", "properties": { "FID": 1186.0, "id": 0, "MANHOLE_PO": null }, "geometry": { "type": "Point", "coordinates": [ 30.8907643, -18.9877678 ] } },
{ "type": "Feature", "properties": { "FID": 1187.0, "id": 0, "MANHOLE_PO": null }, "geometry": { "type": "Point", "coordinates": [ 30.89032, -18.9869226 ] } },
{ "type": "Feature", "properties": { "FID": 1188.0, "id": 0, "MANHOLE_PO": null }, "geometry": { "type": "Point", "coordinates": [ 30.8886497, -18.9878073 ] } },
{ "type": "Feature", "properties": { "FID": 1189.0, "id": 0, "MANHOLE_PO": null }, "geometry": { "type": "Point", "coordinates": [ 30.8886419, -18.9873617 ] } },
{ "type": "Feature", "properties": { "FID": 1190.0, "id": 0, "MANHOLE_PO": null }, "geometry": { "type": "Point", "coordinates": [ 30.8904461, -18.9864786 ] } },
{ "type": "Feature", "properties": { "FID": 1191.0, "id": 0, "MANHOLE_PO": null }, "geometry": { "type": "Point", "coordinates": [ 30.8907245, -18.9856162 ] } },
{ "type": "Feature", "properties": { "FID": 1192.0, "id": 0, "MANHOLE_PO": null }, "geometry": { "type": "Point", "coordinates": [ 30.8886367, -18.9867125 ] } },
{ "type": "Feature", "properties": { "FID": 1193.0, "id": 0, "MANHOLE_PO": null }, "geometry": { "type": "Point", "coordinates": [ 30.889512, -18.986277 ] } },
{ "type": "Feature", "properties": { "FID": 1194.0, "id": 0, "MANHOLE_PO": null }, "geometry": { "type": "Point", "coordinates": [ 30.8911889, -18.9880527 ] } },
{ "type": "Feature", "properties": { "FID": 1195.0, "id": 0, "MANHOLE_PO": null }, "geometry": { "type": "Point", "coordinates": [ 30.8898011, -18.9888133 ] } },
{ "type": "Feature", "properties": { "FID": 1196.0, "id": 0, "MANHOLE_PO": null }, "geometry": { "type": "Point", "coordinates": [ 30.8889989, -18.988766 ] } },
{ "type": "Feature", "properties": { "FID": 1197.0, "id": 0, "MANHOLE_PO": null }, "geometry": { "type": "Point", "coordinates": [ 30.8915172, -18.9885528 ] } },
{ "type": "Feature", "properties": { "FID": 1198.0, "id": 0, "MANHOLE_PO": null }, "geometry": { "type": "Point", "coordinates": [ 30.8898874, -18.9893998 ] } },
{ "type": "Feature", "properties": { "FID": 1199.0, "id": 0, "MANHOLE_PO": null }, "geometry": { "type": "Point", "coordinates": [ 30.8894007, -18.9908581 ] } },
{ "type": "Feature", "properties": { "FID": 1200.0, "id": 0, "MANHOLE_PO": null }, "geometry": { "type": "Point", "coordinates": [ 30.8894506, -18.9900822 ] } },
{ "type": "Feature", "properties": { "FID": 1201.0, "id": 0, "MANHOLE_PO": null }, "geometry": { "type": "Point", "coordinates": [ 30.8897151, -18.9892706 ] } },
{ "type": "Feature", "properties": { "FID": 1202.0, "id": 0, "MANHOLE_PO": null }, "geometry": { "type": "Point", "coordinates": [ 30.8911928, -18.9909294 ] } },
{ "type": "Feature", "properties": { "FID": 1203.0, "id": 0, "MANHOLE_PO": null }, "geometry": { "type": "Point", "coordinates": [ 30.8901241, -18.99079 ] } },
{ "type": "Feature", "properties": { "FID": 1204.0, "id": 0, "MANHOLE_PO": null }, "geometry": { "type": "Point", "coordinates": [ 30.8902312, -18.989722 ] } },
{ "type": "Feature", "properties": { "FID": 1205.0, "id": 0, "MANHOLE_PO": null }, "geometry": { "type": "Point", "coordinates": [ 30.8913066, -18.9903961 ] } },
{ "type": "Feature", "properties": { "FID": 1206.0, "id": 0, "MANHOLE_PO": null }, "geometry": { "type": "Point", "coordinates": [ 30.8907194, -18.9902749 ] } },
{ "type": "Feature", "properties": { "FID": 1207.0, "id": 0, "MANHOLE_PO": null }, "geometry": { "type": "Point", "coordinates": [ 30.8907511, -18.9898806 ] } },
{ "type": "Feature", "properties": { "FID": 1208.0, "id": 0, "MANHOLE_PO": null }, "geometry": { "type": "Point", "coordinates": [ 30.8905156, -18.9894579 ] } },
{ "type": "Feature", "properties": { "FID": 1209.0, "id": 0, "MANHOLE_PO": null }, "geometry": { "type": "Point", "coordinates": [ 30.8913879, -18.9892515 ] } },
{ "type": "Feature", "properties": { "FID": 1210.0, "id": 0, "MANHOLE_PO": null }, "geometry": { "type": "Point", "coordinates": [ 30.890647, -18.9896503 ] } },
{ "type": "Feature", "properties": { "FID": 1211.0, "id": 0, "MANHOLE_PO": null }, "geometry": { "type": "Point", "coordinates": [ 30.8834568, -18.9857878 ] } },
{ "type": "Feature", "properties": { "FID": 1212.0, "id": 0, "MANHOLE_PO": null }, "geometry": { "type": "Point", "coordinates": [ 30.8793978, -18.9851049 ] } },
{ "type": "Feature", "properties": { "FID": 1213.0, "id": 0, "MANHOLE_PO": null }, "geometry": { "type": "Point", "coordinates": [ 30.8807068, -18.9852853 ] } },
{ "type": "Feature", "properties": { "FID": 1214.0, "id": 0, "MANHOLE_PO": null }, "geometry": { "type": "Point", "coordinates": [ 30.881601, -18.985461 ] } },
{ "type": "Feature", "properties": { "FID": 1215.0, "id": 0, "MANHOLE_PO": null }, "geometry": { "type": "Point", "coordinates": [ 30.8851118, -18.9861122 ] } },
{ "type": "Feature", "properties": { "FID": 1216.0, "id": 0, "MANHOLE_PO": null }, "geometry": { "type": "Point", "coordinates": [ 30.8840706, -18.9859221 ] } },
{ "type": "Feature", "properties": { "FID": 1217.0, "id": 0, "MANHOLE_PO": null }, "geometry": { "type": "Point", "coordinates": [ 30.8678886, -18.9873656 ] } },
{ "type": "Feature", "properties": { "FID": 1218.0, "id": 0, "MANHOLE_PO": null }, "geometry": { "type": "Point", "coordinates": [ 30.8857404, -18.9951441 ] } },
{ "type": "Feature", "properties": { "FID": 1219.0, "id": 0, "MANHOLE_PO": null }, "geometry": { "type": "Point", "coordinates": [ 30.8854479, -18.9971137 ] } },
{ "type": "Feature", "properties": { "FID": 1220.0, "id": 0, "MANHOLE_PO": null }, "geometry": { "type": "Point", "coordinates": [ 30.8855122, -18.9962616 ] } },
{ "type": "Feature", "properties": { "FID": 1221.0, "id": 0, "MANHOLE_PO": null }, "geometry": { "type": "Point", "coordinates": [ 30.8848978, -18.995109 ] } },
{ "type": "Feature", "properties": { "FID": 1222.0, "id": 0, "MANHOLE_PO": null }, "geometry": { "type": "Point", "coordinates": [ 30.8847663, -18.9970423 ] } },
{ "type": "Feature", "properties": { "FID": 1223.0, "id": 0, "MANHOLE_PO": null }, "geometry": { "type": "Point", "coordinates": [ 30.8848061, -18.9960117 ] } },
{ "type": "Feature", "properties": { "FID": 1224.0, "id": 0, "MANHOLE_PO": null }, "geometry": { "type": "Point", "coordinates": [ 30.8862984, -18.9975817 ] } },
{ "type": "Feature", "properties": { "FID": 1225.0, "id": 0, "MANHOLE_PO": null }, "geometry": { "type": "Point", "coordinates": [ 30.8852698, -18.9974426 ] } },
{ "type": "Feature", "properties": { "FID": 1226.0, "id": 0, "MANHOLE_PO": null }, "geometry": { "type": "Point", "coordinates": [ 30.8846949, -18.9973979 ] } },
{ "type": "Feature", "properties": { "FID": 1227.0, "id": 0, "MANHOLE_PO": null }, "geometry": { "type": "Point", "coordinates": [ 30.8846139, -18.9985171 ] } },
{ "type": "Feature", "properties": { "FID": 1228.0, "id": 0, "MANHOLE_PO": null }, "geometry": { "type": "Point", "coordinates": [ 30.8853314, -18.9978634 ] } },
{ "type": "Feature", "properties": { "FID": 1229.0, "id": 0, "MANHOLE_PO": null }, "geometry": { "type": "Point", "coordinates": [ 30.8853662, -18.9982838 ] } },
{ "type": "Feature", "properties": { "FID": 1230.0, "id": 0, "MANHOLE_PO": null }, "geometry": { "type": "Point", "coordinates": [ 30.8864393, -18.9948975 ] } },
{ "type": "Feature", "properties": { "FID": 1231.0, "id": 0, "MANHOLE_PO": null }, "geometry": { "type": "Point", "coordinates": [ 30.8862548, -18.9962637 ] } },
{ "type": "Feature", "properties": { "FID": 1232.0, "id": 0, "MANHOLE_PO": null }, "geometry": { "type": "Point", "coordinates": [ 30.8859841, -18.9965089 ] } },
{ "type": "Feature", "properties": { "FID": 1233.0, "id": 0, "MANHOLE_PO": null }, "geometry": { "type": "Point", "coordinates": [ 30.88723, -18.9963958 ] } },
{ "type": "Feature", "properties": { "FID": 1234.0, "id": 0, "MANHOLE_PO": null }, "geometry": { "type": "Point", "coordinates": [ 30.886301, -18.9963152 ] } },
{ "type": "Feature", "properties": { "FID": 1235.0, "id": 0, "MANHOLE_PO": null }, "geometry": { "type": "Point", "coordinates": [ 30.8871573, -18.9947339 ] } },
{ "type": "Feature", "properties": { "FID": 1236.0, "id": 0, "MANHOLE_PO": null }, "geometry": { "type": "Point", "coordinates": [ 30.8869742, -18.9959919 ] } },
{ "type": "Feature", "properties": { "FID": 1237.0, "id": 0, "MANHOLE_PO": null }, "geometry": { "type": "Point", "coordinates": [ 30.8859597, -18.9947361 ] } },
{ "type": "Feature", "properties": { "FID": 1238.0, "id": 0, "MANHOLE_PO": null }, "geometry": { "type": "Point", "coordinates": [ 30.8847433, -18.9946331 ] } },
{ "type": "Feature", "properties": { "FID": 1239.0, "id": 0, "MANHOLE_PO": null }, "geometry": { "type": "Point", "coordinates": [ 30.8851526, -18.9926871 ] } },
{ "type": "Feature", "properties": { "FID": 1240.0, "id": 0, "MANHOLE_PO": null }, "geometry": { "type": "Point", "coordinates": [ 30.8850606, -18.9936152 ] } },
{ "type": "Feature", "properties": { "FID": 1241.0, "id": 0, "MANHOLE_PO": null }, "geometry": { "type": "Point", "coordinates": [ 30.8856915, -18.9929224 ] } },
{ "type": "Feature", "properties": { "FID": 1242.0, "id": 0, "MANHOLE_PO": null }, "geometry": { "type": "Point", "coordinates": [ 30.8856492, -18.9936283 ] } },
{ "type": "Feature", "properties": { "FID": 1243.0, "id": 0, "MANHOLE_PO": null }, "geometry": { "type": "Point", "coordinates": [ 30.8862602, -18.9934571 ] } },
{ "type": "Feature", "properties": { "FID": 1244.0, "id": 0, "MANHOLE_PO": null }, "geometry": { "type": "Point", "coordinates": [ 30.8861011, -18.9943972 ] } },
{ "type": "Feature", "properties": { "FID": 1245.0, "id": 0, "MANHOLE_PO": null }, "geometry": { "type": "Point", "coordinates": [ 30.8876341, -18.994332 ] } },
{ "type": "Feature", "properties": { "FID": 1246.0, "id": 0, "MANHOLE_PO": null }, "geometry": { "type": "Point", "coordinates": [ 30.8862313, -18.9941505 ] } },
{ "type": "Feature", "properties": { "FID": 1247.0, "id": 0, "MANHOLE_PO": null }, "geometry": { "type": "Point", "coordinates": [ 30.886131, -18.9941493 ] } },
{ "type": "Feature", "properties": { "FID": 1248.0, "id": 0, "MANHOLE_PO": null }, "geometry": { "type": "Point", "coordinates": [ 30.8877212, -18.9937856 ] } },
{ "type": "Feature", "properties": { "FID": 1249.0, "id": 0, "MANHOLE_PO": null }, "geometry": { "type": "Point", "coordinates": [ 30.8866727, -18.99364 ] } },
{ "type": "Feature", "properties": { "FID": 1250.0, "id": 0, "MANHOLE_PO": null }, "geometry": { "type": "Point", "coordinates": [ 30.8865892, -18.9938936 ] } },
{ "type": "Feature", "properties": { "FID": 1251.0, "id": 0, "MANHOLE_PO": null }, "geometry": { "type": "Point", "coordinates": [ 30.8877828, -18.9931499 ] } },
{ "type": "Feature", "properties": { "FID": 1252.0, "id": 0, "MANHOLE_PO": null }, "geometry": { "type": "Point", "coordinates": [ 30.8860724, -18.9929585 ] } },
{ "type": "Feature", "properties": { "FID": 1253.0, "id": 0, "MANHOLE_PO": null }, "geometry": { "type": "Point", "coordinates": [ 30.8892169, -18.9924344 ] } },
{ "type": "Feature", "properties": { "FID": 1254.0, "id": 0, "MANHOLE_PO": null }, "geometry": { "type": "Point", "coordinates": [ 30.884953, -18.9920675 ] } },
{ "type": "Feature", "properties": { "FID": 1255.0, "id": 0, "MANHOLE_PO": null }, "geometry": { "type": "Point", "coordinates": [ 30.8924223, -18.9939793 ] } },
{ "type": "Feature", "properties": { "FID": 1256.0, "id": 0, "MANHOLE_PO": null }, "geometry": { "type": "Point", "coordinates": [ 30.8900575, -18.993685 ] } },
{ "type": "Feature", "properties": { "FID": 1257.0, "id": 0, "MANHOLE_PO": null }, "geometry": { "type": "Point", "coordinates": [ 30.8906486, -18.993765 ] } },
{ "type": "Feature", "properties": { "FID": 1258.0, "id": 0, "MANHOLE_PO": null }, "geometry": { "type": "Point", "coordinates": [ 30.8914204, -18.9938469 ] } },
{ "type": "Feature", "properties": { "FID": 1259.0, "id": 0, "MANHOLE_PO": null }, "geometry": { "type": "Point", "coordinates": [ 30.8922941, -18.994592 ] } },
{ "type": "Feature", "properties": { "FID": 1260.0, "id": 0, "MANHOLE_PO": null }, "geometry": { "type": "Point", "coordinates": [ 30.8916728, -18.9945213 ] } },
{ "type": "Feature", "properties": { "FID": 1261.0, "id": 0, "MANHOLE_PO": null }, "geometry": { "type": "Point", "coordinates": [ 30.8909379, -18.9944365 ] } },
{ "type": "Feature", "properties": { "FID": 1262.0, "id": 0, "MANHOLE_PO": null }, "geometry": { "type": "Point", "coordinates": [ 30.8900995, -18.9943379 ] } },
{ "type": "Feature", "properties": { "FID": 1263.0, "id": 0, "MANHOLE_PO": null }, "geometry": { "type": "Point", "coordinates": [ 30.8893114, -18.994227 ] } },
{ "type": "Feature", "properties": { "FID": 1264.0, "id": 0, "MANHOLE_PO": null }, "geometry": { "type": "Point", "coordinates": [ 30.8896884, -18.9935122 ] } },
{ "type": "Feature", "properties": { "FID": 1265.0, "id": 0, "MANHOLE_PO": null }, "geometry": { "type": "Point", "coordinates": [ 30.8896019, -18.9942654 ] } },
{ "type": "Feature", "properties": { "FID": 1266.0, "id": 0, "MANHOLE_PO": null }, "geometry": { "type": "Point", "coordinates": [ 30.8928939, -18.9939815 ] } },
{ "type": "Feature", "properties": { "FID": 1267.0, "id": 0, "MANHOLE_PO": null }, "geometry": { "type": "Point", "coordinates": [ 30.8928288, -18.9946363 ] } },
{ "type": "Feature", "properties": { "FID": 1268.0, "id": 0, "MANHOLE_PO": null }, "geometry": { "type": "Point", "coordinates": [ 30.8927386, -18.9951635 ] } },
{ "type": "Feature", "properties": { "FID": 1269.0, "id": 0, "MANHOLE_PO": null }, "geometry": { "type": "Point", "coordinates": [ 30.8924871, -18.99707 ] } },
{ "type": "Feature", "properties": { "FID": 1270.0, "id": 0, "MANHOLE_PO": null }, "geometry": { "type": "Point", "coordinates": [ 30.8925863, -18.9963646 ] } },
{ "type": "Feature", "properties": { "FID": 1271.0, "id": 0, "MANHOLE_PO": null }, "geometry": { "type": "Point", "coordinates": [ 30.8926586, -18.9956654 ] } },
{ "type": "Feature", "properties": { "FID": 1272.0, "id": 0, "MANHOLE_PO": null }, "geometry": { "type": "Point", "coordinates": [ 30.8921286, -18.9957866 ] } },
{ "type": "Feature", "properties": { "FID": 1273.0, "id": 0, "MANHOLE_PO": null }, "geometry": { "type": "Point", "coordinates": [ 30.8908061, -18.9956061 ] } },
{ "type": "Feature", "properties": { "FID": 1274.0, "id": 0, "MANHOLE_PO": null }, "geometry": { "type": "Point", "coordinates": [ 30.892027, -18.9964092 ] } },
{ "type": "Feature", "properties": { "FID": 1275.0, "id": 0, "MANHOLE_PO": null }, "geometry": { "type": "Point", "coordinates": [ 30.8903843, -18.996155 ] } },
{ "type": "Feature", "properties": { "FID": 1276.0, "id": 0, "MANHOLE_PO": null }, "geometry": { "type": "Point", "coordinates": [ 30.890691, -18.9962412 ] } },
{ "type": "Feature", "properties": { "FID": 1277.0, "id": 0, "MANHOLE_PO": null }, "geometry": { "type": "Point", "coordinates": [ 30.8916451, -18.996984 ] } },
{ "type": "Feature", "properties": { "FID": 1278.0, "id": 0, "MANHOLE_PO": null }, "geometry": { "type": "Point", "coordinates": [ 30.8903825, -18.9968296 ] } },
{ "type": "Feature", "properties": { "FID": 1279.0, "id": 0, "MANHOLE_PO": null }, "geometry": { "type": "Point", "coordinates": [ 30.8897547, -18.996746 ] } },
{ "type": "Feature", "properties": { "FID": 1280.0, "id": 0, "MANHOLE_PO": null }, "geometry": { "type": "Point", "coordinates": [ 30.8895233, -18.9949295 ] } },
{ "type": "Feature", "properties": { "FID": 1281.0, "id": 0, "MANHOLE_PO": null }, "geometry": { "type": "Point", "coordinates": [ 30.8899767, -18.9961121 ] } },
{ "type": "Feature", "properties": { "FID": 1282.0, "id": 0, "MANHOLE_PO": null }, "geometry": { "type": "Point", "coordinates": [ 30.889988, -18.9962777 ] } },
{ "type": "Feature", "properties": { "FID": 1283.0, "id": 0, "MANHOLE_PO": null }, "geometry": { "type": "Point", "coordinates": [ 30.8915084, -18.9950922 ] } },
{ "type": "Feature", "properties": { "FID": 1284.0, "id": 0, "MANHOLE_PO": null }, "geometry": { "type": "Point", "coordinates": [ 30.8904392, -18.9949909 ] } },
{ "type": "Feature", "properties": { "FID": 1285.0, "id": 0, "MANHOLE_PO": null }, "geometry": { "type": "Point", "coordinates": [ 30.8921829, -18.995189 ] } },
{ "type": "Feature", "properties": { "FID": 1286.0, "id": 0, "MANHOLE_PO": null }, "geometry": { "type": "Point", "coordinates": [ 30.8939906, -18.9940258 ] } },
{ "type": "Feature", "properties": { "FID": 1287.0, "id": 0, "MANHOLE_PO": null }, "geometry": { "type": "Point", "coordinates": [ 30.8936825, -18.9961862 ] } },
{ "type": "Feature", "properties": { "FID": 1288.0, "id": 0, "MANHOLE_PO": null }, "geometry": { "type": "Point", "coordinates": [ 30.871948, -18.9988109 ] } },
{ "type": "Feature", "properties": { "FID": 1289.0, "id": 0, "MANHOLE_PO": null }, "geometry": { "type": "Point", "coordinates": [ 30.872633, -19.000709 ] } },
{ "type": "Feature", "properties": { "FID": 1290.0, "id": 0, "MANHOLE_PO": null }, "geometry": { "type": "Point", "coordinates": [ 30.8722967, -18.999795 ] } },
{ "type": "Feature", "properties": { "FID": 1291.0, "id": 0, "MANHOLE_PO": null }, "geometry": { "type": "Point", "coordinates": [ 30.8724184, -18.9986445 ] } },
{ "type": "Feature", "properties": { "FID": 1292.0, "id": 0, "MANHOLE_PO": null }, "geometry": { "type": "Point", "coordinates": [ 30.8730561, -19.0005866 ] } },
{ "type": "Feature", "properties": { "FID": 1293.0, "id": 0, "MANHOLE_PO": null }, "geometry": { "type": "Point", "coordinates": [ 30.8728828, -19.0000118 ] } },
{ "type": "Feature", "properties": { "FID": 1294.0, "id": 0, "MANHOLE_PO": null }, "geometry": { "type": "Point", "coordinates": [ 30.8725985, -18.999213 ] } },
{ "type": "Feature", "properties": { "FID": 1295.0, "id": 0, "MANHOLE_PO": null }, "geometry": { "type": "Point", "coordinates": [ 30.8728964, -18.9984145 ] } },
{ "type": "Feature", "properties": { "FID": 1296.0, "id": 0, "MANHOLE_PO": null }, "geometry": { "type": "Point", "coordinates": [ 30.8732506, -18.9995005 ] } },
{ "type": "Feature", "properties": { "FID": 1297.0, "id": 0, "MANHOLE_PO": null }, "geometry": { "type": "Point", "coordinates": [ 30.8734089, -19.0002024 ] } },
{ "type": "Feature", "properties": { "FID": 1298.0, "id": 0, "MANHOLE_PO": null }, "geometry": { "type": "Point", "coordinates": [ 30.8741458, -18.999078 ] } },
{ "type": "Feature", "properties": { "FID": 1299.0, "id": 0, "MANHOLE_PO": null }, "geometry": { "type": "Point", "coordinates": [ 30.8743138, -18.9995446 ] } },
{ "type": "Feature", "properties": { "FID": 1300.0, "id": 0, "MANHOLE_PO": null }, "geometry": { "type": "Point", "coordinates": [ 30.8747415, -18.9995877 ] } },
{ "type": "Feature", "properties": { "FID": 1301.0, "id": 0, "MANHOLE_PO": null }, "geometry": { "type": "Point", "coordinates": [ 30.8749666, -19.0003031 ] } },
{ "type": "Feature", "properties": { "FID": 1302.0, "id": 0, "MANHOLE_PO": null }, "geometry": { "type": "Point", "coordinates": [ 30.8736487, -18.9992378 ] } },
{ "type": "Feature", "properties": { "FID": 1303.0, "id": 0, "MANHOLE_PO": null }, "geometry": { "type": "Point", "coordinates": [ 30.8738678, -18.9998958 ] } },
{ "type": "Feature", "properties": { "FID": 1304.0, "id": 0, "MANHOLE_PO": null }, "geometry": { "type": "Point", "coordinates": [ 30.874404, -18.9998193 ] } },
{ "type": "Feature", "properties": { "FID": 1305.0, "id": 0, "MANHOLE_PO": null }, "geometry": { "type": "Point", "coordinates": [ 30.8739613, -18.9999096 ] } },
{ "type": "Feature", "properties": { "FID": 1306.0, "id": 0, "MANHOLE_PO": null }, "geometry": { "type": "Point", "coordinates": [ 30.8736639, -19.0001417 ] } },
{ "type": "Feature", "properties": { "FID": 1307.0, "id": 0, "MANHOLE_PO": null }, "geometry": { "type": "Point", "coordinates": [ 30.8734058, -19.0004442 ] } },
{ "type": "Feature", "properties": { "FID": 1308.0, "id": 0, "MANHOLE_PO": null }, "geometry": { "type": "Point", "coordinates": [ 30.8744385, -19.0002652 ] } },
{ "type": "Feature", "properties": { "FID": 1309.0, "id": 0, "MANHOLE_PO": null }, "geometry": { "type": "Point", "coordinates": [ 30.8738217, -19.0003599 ] } },
{ "type": "Feature", "properties": { "FID": 1310.0, "id": 0, "MANHOLE_PO": null }, "geometry": { "type": "Point", "coordinates": [ 30.8756639, -18.997288 ] } },
{ "type": "Feature", "properties": { "FID": 1311.0, "id": 0, "MANHOLE_PO": null }, "geometry": { "type": "Point", "coordinates": [ 30.8746224, -18.9976388 ] } },
{ "type": "Feature", "properties": { "FID": 1312.0, "id": 0, "MANHOLE_PO": null }, "geometry": { "type": "Point", "coordinates": [ 30.8742953, -18.9975778 ] } },
{ "type": "Feature", "properties": { "FID": 1313.0, "id": 0, "MANHOLE_PO": null }, "geometry": { "type": "Point", "coordinates": [ 30.8745133, -18.9983249 ] } },
{ "type": "Feature", "properties": { "FID": 1314.0, "id": 0, "MANHOLE_PO": null }, "geometry": { "type": "Point", "coordinates": [ 30.8762153, -18.9975998 ] } },
{ "type": "Feature", "properties": { "FID": 1315.0, "id": 0, "MANHOLE_PO": null }, "geometry": { "type": "Point", "coordinates": [ 30.8747644, -18.9980477 ] } },
{ "type": "Feature", "properties": { "FID": 1316.0, "id": 0, "MANHOLE_PO": null }, "geometry": { "type": "Point", "coordinates": [ 30.8751473, -18.9979249 ] } },
{ "type": "Feature", "properties": { "FID": 1317.0, "id": 0, "MANHOLE_PO": null }, "geometry": { "type": "Point", "coordinates": [ 30.8760219, -18.9970248 ] } },
{ "type": "Feature", "properties": { "FID": 1318.0, "id": 0, "MANHOLE_PO": null }, "geometry": { "type": "Point", "coordinates": [ 30.8761248, -18.9973506 ] } },
{ "type": "Feature", "properties": { "FID": 1319.0, "id": 0, "MANHOLE_PO": null }, "geometry": { "type": "Point", "coordinates": [ 30.8768308, -18.9991852 ] } },
{ "type": "Feature", "properties": { "FID": 1320.0, "id": 0, "MANHOLE_PO": null }, "geometry": { "type": "Point", "coordinates": [ 30.8760986, -18.9994123 ] } },
{ "type": "Feature", "properties": { "FID": 1321.0, "id": 0, "MANHOLE_PO": null }, "geometry": { "type": "Point", "coordinates": [ 30.8754201, -18.9996273 ] } },
{ "type": "Feature", "properties": { "FID": 1322.0, "id": 0, "MANHOLE_PO": null }, "geometry": { "type": "Point", "coordinates": [ 30.8787566, -18.9984818 ] } },
{ "type": "Feature", "properties": { "FID": 1323.0, "id": 0, "MANHOLE_PO": null }, "geometry": { "type": "Point", "coordinates": [ 30.878105, -18.9986875 ] } },
{ "type": "Feature", "properties": { "FID": 1324.0, "id": 0, "MANHOLE_PO": null }, "geometry": { "type": "Point", "coordinates": [ 30.8776146, -18.998841 ] } },
{ "type": "Feature", "properties": { "FID": 1325.0, "id": 0, "MANHOLE_PO": null }, "geometry": { "type": "Point", "coordinates": [ 30.8774834, -18.9988968 ] } },
{ "type": "Feature", "properties": { "FID": 1326.0, "id": 0, "MANHOLE_PO": null }, "geometry": { "type": "Point", "coordinates": [ 30.8769822, -18.9983278 ] } },
{ "type": "Feature", "properties": { "FID": 1327.0, "id": 0, "MANHOLE_PO": null }, "geometry": { "type": "Point", "coordinates": [ 30.8771756, -18.9986419 ] } },
{ "type": "Feature", "properties": { "FID": 1328.0, "id": 0, "MANHOLE_PO": null }, "geometry": { "type": "Point", "coordinates": [ 30.8772715, -18.9987289 ] } },
{ "type": "Feature", "properties": { "FID": 1329.0, "id": 0, "MANHOLE_PO": null }, "geometry": { "type": "Point", "coordinates": [ 30.8786414, -19.0051917 ] } },
{ "type": "Feature", "properties": { "FID": 1330.0, "id": 0, "MANHOLE_PO": null }, "geometry": { "type": "Point", "coordinates": [ 30.8792226, -19.0031554 ] } },
{ "type": "Feature", "properties": { "FID": 1331.0, "id": 0, "MANHOLE_PO": null }, "geometry": { "type": "Point", "coordinates": [ 30.8788024, -19.0046335 ] } },
{ "type": "Feature", "properties": { "FID": 1332.0, "id": 0, "MANHOLE_PO": null }, "geometry": { "type": "Point", "coordinates": [ 30.8790474, -19.0037771 ] } },
{ "type": "Feature", "properties": { "FID": 1333.0, "id": 0, "MANHOLE_PO": null }, "geometry": { "type": "Point", "coordinates": [ 30.8782446, -19.0042962 ] } },
{ "type": "Feature", "properties": { "FID": 1334.0, "id": 0, "MANHOLE_PO": null }, "geometry": { "type": "Point", "coordinates": [ 30.8784134, -19.0036489 ] } },
{ "type": "Feature", "properties": { "FID": 1335.0, "id": 0, "MANHOLE_PO": null }, "geometry": { "type": "Point", "coordinates": [ 30.8786503, -19.002907 ] } },
{ "type": "Feature", "properties": { "FID": 1336.0, "id": 0, "MANHOLE_PO": null }, "geometry": { "type": "Point", "coordinates": [ 30.8783332, -19.0025852 ] } },
{ "type": "Feature", "properties": { "FID": 1337.0, "id": 0, "MANHOLE_PO": null }, "geometry": { "type": "Point", "coordinates": [ 30.876314, -19.0040512 ] } },
{ "type": "Feature", "properties": { "FID": 1338.0, "id": 0, "MANHOLE_PO": null }, "geometry": { "type": "Point", "coordinates": [ 30.8765429, -19.0028892 ] } },
{ "type": "Feature", "properties": { "FID": 1339.0, "id": 0, "MANHOLE_PO": null }, "geometry": { "type": "Point", "coordinates": [ 30.876705, -19.0022419 ] } },
{ "type": "Feature", "properties": { "FID": 1340.0, "id": 0, "MANHOLE_PO": null }, "geometry": { "type": "Point", "coordinates": [ 30.876421, -19.0035306 ] } },
{ "type": "Feature", "properties": { "FID": 1341.0, "id": 0, "MANHOLE_PO": null }, "geometry": { "type": "Point", "coordinates": [ 30.8768804, -19.0037077 ] } },
{ "type": "Feature", "properties": { "FID": 1342.0, "id": 0, "MANHOLE_PO": null }, "geometry": { "type": "Point", "coordinates": [ 30.8770026, -19.0030472 ] } },
{ "type": "Feature", "properties": { "FID": 1343.0, "id": 0, "MANHOLE_PO": null }, "geometry": { "type": "Point", "coordinates": [ 30.8777859, -19.0040618 ] } },
{ "type": "Feature", "properties": { "FID": 1344.0, "id": 0, "MANHOLE_PO": null }, "geometry": { "type": "Point", "coordinates": [ 30.8781404, -19.0030157 ] } },
{ "type": "Feature", "properties": { "FID": 1345.0, "id": 0, "MANHOLE_PO": null }, "geometry": { "type": "Point", "coordinates": [ 30.8773745, -19.0037961 ] } },
{ "type": "Feature", "properties": { "FID": 1346.0, "id": 0, "MANHOLE_PO": null }, "geometry": { "type": "Point", "coordinates": [ 30.8775293, -19.0031933 ] } },
{ "type": "Feature", "properties": { "FID": 1347.0, "id": 0, "MANHOLE_PO": null }, "geometry": { "type": "Point", "coordinates": [ 30.8766895, -19.0039919 ] } },
{ "type": "Feature", "properties": { "FID": 1348.0, "id": 0, "MANHOLE_PO": null }, "geometry": { "type": "Point", "coordinates": [ 30.8774907, -19.0041284 ] } },
{ "type": "Feature", "properties": { "FID": 1349.0, "id": 0, "MANHOLE_PO": null }, "geometry": { "type": "Point", "coordinates": [ 30.8776114, -19.0046326 ] } },
{ "type": "Feature", "properties": { "FID": 1350.0, "id": 0, "MANHOLE_PO": null }, "geometry": { "type": "Point", "coordinates": [ 30.8760695, -19.0043412 ] } },
{ "type": "Feature", "properties": { "FID": 1351.0, "id": 0, "MANHOLE_PO": null }, "geometry": { "type": "Point", "coordinates": [ 30.8758661, -19.0040206 ] } },
{ "type": "Feature", "properties": { "FID": 1352.0, "id": 0, "MANHOLE_PO": null }, "geometry": { "type": "Point", "coordinates": [ 30.8762285, -19.0023573 ] } },
{ "type": "Feature", "properties": { "FID": 1353.0, "id": 0, "MANHOLE_PO": null }, "geometry": { "type": "Point", "coordinates": [ 30.8749596, -19.0037493 ] } },
{ "type": "Feature", "properties": { "FID": 1354.0, "id": 0, "MANHOLE_PO": null }, "geometry": { "type": "Point", "coordinates": [ 30.8751806, -19.0026826 ] } },
{ "type": "Feature", "properties": { "FID": 1355.0, "id": 0, "MANHOLE_PO": null }, "geometry": { "type": "Point", "coordinates": [ 30.8754275, -19.0037865 ] } },
{ "type": "Feature", "properties": { "FID": 1356.0, "id": 0, "MANHOLE_PO": null }, "geometry": { "type": "Point", "coordinates": [ 30.875807, -19.0018306 ] } },
{ "type": "Feature", "properties": { "FID": 1357.0, "id": 0, "MANHOLE_PO": null }, "geometry": { "type": "Point", "coordinates": [ 30.8780727, -19.0015002 ] } },
{ "type": "Feature", "properties": { "FID": 1358.0, "id": 0, "MANHOLE_PO": null }, "geometry": { "type": "Point", "coordinates": [ 30.8759977, -19.0010373 ] } },
{ "type": "Feature", "properties": { "FID": 1359.0, "id": 0, "MANHOLE_PO": null }, "geometry": { "type": "Point", "coordinates": [ 30.8761407, -19.0003134 ] } },
{ "type": "Feature", "properties": { "FID": 1360.0, "id": 0, "MANHOLE_PO": null }, "geometry": { "type": "Point", "coordinates": [ 30.8760768, -19.0000772 ] } },
{ "type": "Feature", "properties": { "FID": 1361.0, "id": 0, "MANHOLE_PO": null }, "geometry": { "type": "Point", "coordinates": [ 30.8772256, -19.0012932 ] } },
{ "type": "Feature", "properties": { "FID": 1362.0, "id": 0, "MANHOLE_PO": null }, "geometry": { "type": "Point", "coordinates": [ 30.8764848, -19.0011383 ] } },
{ "type": "Feature", "properties": { "FID": 1363.0, "id": 0, "MANHOLE_PO": null }, "geometry": { "type": "Point", "coordinates": [ 30.8777719, -19.0009494 ] } },
{ "type": "Feature", "properties": { "FID": 1364.0, "id": 0, "MANHOLE_PO": null }, "geometry": { "type": "Point", "coordinates": [ 30.8765443, -19.0006744 ] } },
{ "type": "Feature", "properties": { "FID": 1365.0, "id": 0, "MANHOLE_PO": null }, "geometry": { "type": "Point", "coordinates": [ 30.8766163, -19.0002679 ] } },
{ "type": "Feature", "properties": { "FID": 1366.0, "id": 0, "MANHOLE_PO": null }, "geometry": { "type": "Point", "coordinates": [ 30.8765535, -18.999949 ] } },
{ "type": "Feature", "properties": { "FID": 1367.0, "id": 0, "MANHOLE_PO": null }, "geometry": { "type": "Point", "coordinates": [ 30.8775759, -19.0005781 ] } },
{ "type": "Feature", "properties": { "FID": 1368.0, "id": 0, "MANHOLE_PO": null }, "geometry": { "type": "Point", "coordinates": [ 30.877291, -19.000352 ] } },
{ "type": "Feature", "properties": { "FID": 1369.0, "id": 0, "MANHOLE_PO": null }, "geometry": { "type": "Point", "coordinates": [ 30.8770483, -18.9999737 ] } },
{ "type": "Feature", "properties": { "FID": 1370.0, "id": 0, "MANHOLE_PO": null }, "geometry": { "type": "Point", "coordinates": [ 30.877037, -18.9998081 ] } },
{ "type": "Feature", "properties": { "FID": 1371.0, "id": 0, "MANHOLE_PO": null }, "geometry": { "type": "Point", "coordinates": [ 30.8754692, -19.0010312 ] } },
{ "type": "Feature", "properties": { "FID": 1372.0, "id": 0, "MANHOLE_PO": null }, "geometry": { "type": "Point", "coordinates": [ 30.8756, -19.0004758 ] } },
{ "type": "Feature", "properties": { "FID": 1373.0, "id": 0, "MANHOLE_PO": null }, "geometry": { "type": "Point", "coordinates": [ 30.8756699, -19.0002411 ] } },
{ "type": "Feature", "properties": { "FID": 1374.0, "id": 0, "MANHOLE_PO": null }, "geometry": { "type": "Point", "coordinates": [ 30.8745754, -19.0005531 ] } },
{ "type": "Feature", "properties": { "FID": 1375.0, "id": 0, "MANHOLE_PO": null }, "geometry": { "type": "Point", "coordinates": [ 30.8749921, -19.0009271 ] } },
{ "type": "Feature", "properties": { "FID": 1376.0, "id": 0, "MANHOLE_PO": null }, "geometry": { "type": "Point", "coordinates": [ 30.8750844, -19.0005113 ] } },
{ "type": "Feature", "properties": { "FID": 1377.0, "id": 0, "MANHOLE_PO": null }, "geometry": { "type": "Point", "coordinates": [ 30.8751192, -19.0004035 ] } },
{ "type": "Feature", "properties": { "FID": 1378.0, "id": 0, "MANHOLE_PO": null }, "geometry": { "type": "Point", "coordinates": [ 30.8745162, -19.0036296 ] } },
{ "type": "Feature", "properties": { "FID": 1379.0, "id": 0, "MANHOLE_PO": null }, "geometry": { "type": "Point", "coordinates": [ 30.8746879, -19.0027565 ] } },
{ "type": "Feature", "properties": { "FID": 1380.0, "id": 0, "MANHOLE_PO": null }, "geometry": { "type": "Point", "coordinates": [ 30.8747052, -19.002709 ] } },
{ "type": "Feature", "properties": { "FID": 1381.0, "id": 0, "MANHOLE_PO": null }, "geometry": { "type": "Point", "coordinates": [ 30.8736706, -19.0025125 ] } },
{ "type": "Feature", "properties": { "FID": 1382.0, "id": 0, "MANHOLE_PO": null }, "geometry": { "type": "Point", "coordinates": [ 30.8735439, -19.002476 ] } },
{ "type": "Feature", "properties": { "FID": 1383.0, "id": 0, "MANHOLE_PO": null }, "geometry": { "type": "Point", "coordinates": [ 30.8756154, -19.0029517 ] } },
{ "type": "Feature", "properties": { "FID": 1384.0, "id": 0, "MANHOLE_PO": null }, "geometry": { "type": "Point", "coordinates": [ 30.873028, -19.0033229 ] } },
{ "type": "Feature", "properties": { "FID": 1385.0, "id": 0, "MANHOLE_PO": null }, "geometry": { "type": "Point", "coordinates": [ 30.8733417, -19.0018055 ] } },
{ "type": "Feature", "properties": { "FID": 1386.0, "id": 0, "MANHOLE_PO": null }, "geometry": { "type": "Point", "coordinates": [ 30.8733037, -19.0016396 ] } },
{ "type": "Feature", "properties": { "FID": 1387.0, "id": 0, "MANHOLE_PO": null }, "geometry": { "type": "Point", "coordinates": [ 30.8726567, -19.0025295 ] } },
{ "type": "Feature", "properties": { "FID": 1388.0, "id": 0, "MANHOLE_PO": null }, "geometry": { "type": "Point", "coordinates": [ 30.8728409, -19.0017233 ] } },
{ "type": "Feature", "properties": { "FID": 1389.0, "id": 0, "MANHOLE_PO": null }, "geometry": { "type": "Point", "coordinates": [ 30.8759815, -19.001524 ] } },
{ "type": "Feature", "properties": { "FID": 1390.0, "id": 0, "MANHOLE_PO": null }, "geometry": { "type": "Point", "coordinates": [ 30.8748007, -19.0012494 ] } },
{ "type": "Feature", "properties": { "FID": 1391.0, "id": 0, "MANHOLE_PO": null }, "geometry": { "type": "Point", "coordinates": [ 30.8740401, -19.0010752 ] } },
{ "type": "Feature", "properties": { "FID": 1392.0, "id": 0, "MANHOLE_PO": null }, "geometry": { "type": "Point", "coordinates": [ 30.8739666, -19.001068 ] } },
{ "type": "Feature", "properties": { "FID": 1393.0, "id": 0, "MANHOLE_PO": null }, "geometry": { "type": "Point", "coordinates": [ 30.8726631, -19.0015049 ] } },
{ "type": "Feature", "properties": { "FID": 1394.0, "id": 0, "MANHOLE_PO": null }, "geometry": { "type": "Point", "coordinates": [ 30.8752421, -19.0023174 ] } },
{ "type": "Feature", "properties": { "FID": 1395.0, "id": 0, "MANHOLE_PO": null }, "geometry": { "type": "Point", "coordinates": [ 30.8737997, -19.0020971 ] } },
{ "type": "Feature", "properties": { "FID": 1396.0, "id": 0, "MANHOLE_PO": null }, "geometry": { "type": "Point", "coordinates": [ 30.8739151, -19.0014366 ] } },
{ "type": "Feature", "properties": { "FID": 1397.0, "id": 0, "MANHOLE_PO": null }, "geometry": { "type": "Point", "coordinates": [ 30.8749809, -19.0018116 ] } },
{ "type": "Feature", "properties": { "FID": 1398.0, "id": 0, "MANHOLE_PO": null }, "geometry": { "type": "Point", "coordinates": [ 30.8741802, -19.0016369 ] } },
{ "type": "Feature", "properties": { "FID": 1399.0, "id": 0, "MANHOLE_PO": null }, "geometry": { "type": "Point", "coordinates": [ 30.8941333, -18.999434 ] } },
{ "type": "Feature", "properties": { "FID": 1400.0, "id": 0, "MANHOLE_PO": null }, "geometry": { "type": "Point", "coordinates": [ 30.8927035, -18.9992777 ] } },
{ "type": "Feature", "properties": { "FID": 1401.0, "id": 0, "MANHOLE_PO": null }, "geometry": { "type": "Point", "coordinates": [ 30.8939317, -19.0005678 ] } },
{ "type": "Feature", "properties": { "FID": 1402.0, "id": 0, "MANHOLE_PO": null }, "geometry": { "type": "Point", "coordinates": [ 30.8939719, -18.9997663 ] } },
{ "type": "Feature", "properties": { "FID": 1403.0, "id": 0, "MANHOLE_PO": null }, "geometry": { "type": "Point", "coordinates": [ 30.8934487, -19.0004031 ] } },
{ "type": "Feature", "properties": { "FID": 1404.0, "id": 0, "MANHOLE_PO": null }, "geometry": { "type": "Point", "coordinates": [ 30.8926365, -19.0003493 ] } },
{ "type": "Feature", "properties": { "FID": 1405.0, "id": 0, "MANHOLE_PO": null }, "geometry": { "type": "Point", "coordinates": [ 30.8939963, -19.0010204 ] } },
{ "type": "Feature", "properties": { "FID": 1406.0, "id": 0, "MANHOLE_PO": null }, "geometry": { "type": "Point", "coordinates": [ 30.8928056, -19.0010004 ] } },
{ "type": "Feature", "properties": { "FID": 1407.0, "id": 0, "MANHOLE_PO": null }, "geometry": { "type": "Point", "coordinates": [ 30.8939943, -19.0017077 ] } },
{ "type": "Feature", "properties": { "FID": 1408.0, "id": 0, "MANHOLE_PO": null }, "geometry": { "type": "Point", "coordinates": [ 30.8927976, -19.0016304 ] } },
{ "type": "Feature", "properties": { "FID": 1409.0, "id": 0, "MANHOLE_PO": null }, "geometry": { "type": "Point", "coordinates": [ 30.8950075, -19.0017511 ] } },
{ "type": "Feature", "properties": { "FID": 1410.0, "id": 0, "MANHOLE_PO": null }, "geometry": { "type": "Point", "coordinates": [ 30.8941885, -19.001694 ] } },
{ "type": "Feature", "properties": { "FID": 1411.0, "id": 0, "MANHOLE_PO": null }, "geometry": { "type": "Point", "coordinates": [ 30.8950696, -18.9984104 ] } },
{ "type": "Feature", "properties": { "FID": 1412.0, "id": 0, "MANHOLE_PO": null }, "geometry": { "type": "Point", "coordinates": [ 30.8928716, -18.9981467 ] } },
{ "type": "Feature", "properties": { "FID": 1413.0, "id": 0, "MANHOLE_PO": null }, "geometry": { "type": "Point", "coordinates": [ 30.8947283, -18.9989444 ] } },
{ "type": "Feature", "properties": { "FID": 1414.0, "id": 0, "MANHOLE_PO": null }, "geometry": { "type": "Point", "coordinates": [ 30.8927805, -18.9987408 ] } },
{ "type": "Feature", "properties": { "FID": 1415.0, "id": 0, "MANHOLE_PO": null }, "geometry": { "type": "Point", "coordinates": [ 30.8953002, -18.9994918 ] } },
{ "type": "Feature", "properties": { "FID": 1416.0, "id": 0, "MANHOLE_PO": null }, "geometry": { "type": "Point", "coordinates": [ 30.8952449, -19.0001658 ] } },
{ "type": "Feature", "properties": { "FID": 1417.0, "id": 0, "MANHOLE_PO": null }, "geometry": { "type": "Point", "coordinates": [ 30.8948042, -18.9979651 ] } },
{ "type": "Feature", "properties": { "FID": 1418.0, "id": 0, "MANHOLE_PO": null }, "geometry": { "type": "Point", "coordinates": [ 30.8948841, -18.9974632 ] } },
{ "type": "Feature", "properties": { "FID": 1419.0, "id": 0, "MANHOLE_PO": null }, "geometry": { "type": "Point", "coordinates": [ 30.8945153, -18.9969944 ] } },
{ "type": "Feature", "properties": { "FID": 1420.0, "id": 0, "MANHOLE_PO": null }, "geometry": { "type": "Point", "coordinates": [ 30.8941749, -18.9969333 ] } },
{ "type": "Feature", "properties": { "FID": 1421.0, "id": 0, "MANHOLE_PO": null }, "geometry": { "type": "Point", "coordinates": [ 30.8937019, -18.9978316 ] } },
{ "type": "Feature", "properties": { "FID": 1422.0, "id": 0, "MANHOLE_PO": null }, "geometry": { "type": "Point", "coordinates": [ 30.8938647, -18.9965924 ] } },
{ "type": "Feature", "properties": { "FID": 1423.0, "id": 0, "MANHOLE_PO": null }, "geometry": { "type": "Point", "coordinates": [ 30.8931276, -18.9977423 ] } },
{ "type": "Feature", "properties": { "FID": 1424.0, "id": 0, "MANHOLE_PO": null }, "geometry": { "type": "Point", "coordinates": [ 30.8933101, -18.9965352 ] } },
{ "type": "Feature", "properties": { "FID": 1425.0, "id": 0, "MANHOLE_PO": null }, "geometry": { "type": "Point", "coordinates": [ 30.8944556, -19.001207 ] } },
{ "type": "Feature", "properties": { "FID": 1426.0, "id": 0, "MANHOLE_PO": null }, "geometry": { "type": "Point", "coordinates": [ 30.8945427, -18.9996041 ] } },
{ "type": "Feature", "properties": { "FID": 1427.0, "id": 0, "MANHOLE_PO": null }, "geometry": { "type": "Point", "coordinates": [ 30.8945469, -19.0003297 ] } },
{ "type": "Feature", "properties": { "FID": 1428.0, "id": 0, "MANHOLE_PO": null }, "geometry": { "type": "Point", "coordinates": [ 30.8939036, -18.998814 ] } },
{ "type": "Feature", "properties": { "FID": 1429.0, "id": 0, "MANHOLE_PO": null }, "geometry": { "type": "Point", "coordinates": [ 30.8942986, -18.9978702 ] } },
{ "type": "Feature", "properties": { "FID": 1430.0, "id": 0, "MANHOLE_PO": null }, "geometry": { "type": "Point", "coordinates": [ 30.8943685, -18.9972282 ] } },
{ "type": "Feature", "properties": { "FID": 1431.0, "id": 0, "MANHOLE_PO": null }, "geometry": { "type": "Point", "coordinates": [ 30.8878557, -18.9987721 ] } },
{ "type": "Feature", "properties": { "FID": 1432.0, "id": 0, "MANHOLE_PO": null }, "geometry": { "type": "Point", "coordinates": [ 30.8886926, -18.9975342 ] } },
{ "type": "Feature", "properties": { "FID": 1433.0, "id": 0, "MANHOLE_PO": null }, "geometry": { "type": "Point", "coordinates": [ 30.8883317, -18.9990894 ] } },
{ "type": "Feature", "properties": { "FID": 1434.0, "id": 0, "MANHOLE_PO": null }, "geometry": { "type": "Point", "coordinates": [ 30.8891773, -18.9978325 ] } },
{ "type": "Feature", "properties": { "FID": 1435.0, "id": 0, "MANHOLE_PO": null }, "geometry": { "type": "Point", "coordinates": [ 30.8886845, -18.9992334 ] } },
{ "type": "Feature", "properties": { "FID": 1436.0, "id": 0, "MANHOLE_PO": null }, "geometry": { "type": "Point", "coordinates": [ 30.883901, -18.9870291 ] } },
{ "type": "Feature", "properties": { "FID": 1437.0, "id": 0, "MANHOLE_PO": null }, "geometry": { "type": "Point", "coordinates": [ 30.8844036, -18.9874931 ] } },
{ "type": "Feature", "properties": { "FID": 1438.0, "id": 0, "MANHOLE_PO": null }, "geometry": { "type": "Point", "coordinates": [ 30.8848912, -18.987556 ] } },
{ "type": "Feature", "properties": { "FID": 1439.0, "id": 0, "MANHOLE_PO": null }, "geometry": { "type": "Point", "coordinates": [ 30.8853768, -18.9877811 ] } },
{ "type": "Feature", "properties": { "FID": 1440.0, "id": 0, "MANHOLE_PO": null }, "geometry": { "type": "Point", "coordinates": [ 30.8850382, -18.986778 ] } },
{ "type": "Feature", "properties": { "FID": 1441.0, "id": 0, "MANHOLE_PO": null }, "geometry": { "type": "Point", "coordinates": [ 30.8849856, -18.9867074 ] } },
{ "type": "Feature", "properties": { "FID": 1442.0, "id": 0, "MANHOLE_PO": null }, "geometry": { "type": "Point", "coordinates": [ 30.8841478, -18.9865578 ] } },
{ "type": "Feature", "properties": { "FID": 1443.0, "id": 0, "MANHOLE_PO": null }, "geometry": { "type": "Point", "coordinates": [ 30.8816042, -19.0072766 ] } },
{ "type": "Feature", "properties": { "FID": 1444.0, "id": 0, "MANHOLE_PO": null }, "geometry": { "type": "Point", "coordinates": [ 30.8814713, -19.0061454 ] } },
{ "type": "Feature", "properties": { "FID": 1445.0, "id": 0, "MANHOLE_PO": null }, "geometry": { "type": "Point", "coordinates": [ 30.8819527, -19.0072329 ] } },
{ "type": "Feature", "properties": { "FID": 1446.0, "id": 0, "MANHOLE_PO": null }, "geometry": { "type": "Point", "coordinates": [ 30.8818079, -19.0059838 ] } },
{ "type": "Feature", "properties": { "FID": 1447.0, "id": 0, "MANHOLE_PO": null }, "geometry": { "type": "Point", "coordinates": [ 30.8823281, -19.0071799 ] } },
{ "type": "Feature", "properties": { "FID": 1448.0, "id": 0, "MANHOLE_PO": null }, "geometry": { "type": "Point", "coordinates": [ 30.8821698, -19.005937 ] } },
{ "type": "Feature", "properties": { "FID": 1449.0, "id": 0, "MANHOLE_PO": null }, "geometry": { "type": "Point", "coordinates": [ 30.8837055, -19.0056682 ] } },
{ "type": "Feature", "properties": { "FID": 1450.0, "id": 0, "MANHOLE_PO": null }, "geometry": { "type": "Point", "coordinates": [ 30.8831845, -19.0055986 ] } },
{ "type": "Feature", "properties": { "FID": 1451.0, "id": 0, "MANHOLE_PO": null }, "geometry": { "type": "Point", "coordinates": [ 30.8812881, -19.0058187 ] } },
{ "type": "Feature", "properties": { "FID": 1452.0, "id": 0, "MANHOLE_PO": null }, "geometry": { "type": "Point", "coordinates": [ 30.8818043, -19.0057419 ] } },
{ "type": "Feature", "properties": { "FID": 1453.0, "id": 0, "MANHOLE_PO": null }, "geometry": { "type": "Point", "coordinates": [ 30.8825945, -19.0056937 ] } },
{ "type": "Feature", "properties": { "FID": 1454.0, "id": 0, "MANHOLE_PO": null }, "geometry": { "type": "Point", "coordinates": [ 30.8827095, -19.0071811 ] } },
{ "type": "Feature", "properties": { "FID": 1455.0, "id": 0, "MANHOLE_PO": null }, "geometry": { "type": "Point", "coordinates": [ 30.8825973, -19.0062633 ] } },
{ "type": "Feature", "properties": { "FID": 1456.0, "id": 0, "MANHOLE_PO": null }, "geometry": { "type": "Point", "coordinates": [ 30.8836008, -19.0060107 ] } },
{ "type": "Feature", "properties": { "FID": 1457.0, "id": 0, "MANHOLE_PO": null }, "geometry": { "type": "Point", "coordinates": [ 30.8831796, -19.0059804 ] } },
{ "type": "Feature", "properties": { "FID": 1458.0, "id": 0, "MANHOLE_PO": null }, "geometry": { "type": "Point", "coordinates": [ 30.8824291, -19.0060705 ] } },
{ "type": "Feature", "properties": { "FID": 1459.0, "id": 0, "MANHOLE_PO": null }, "geometry": { "type": "Point", "coordinates": [ 30.8830494, -19.0070163 ] } },
{ "type": "Feature", "properties": { "FID": 1460.0, "id": 0, "MANHOLE_PO": null }, "geometry": { "type": "Point", "coordinates": [ 30.8829624, -19.0062293 ] } },
{ "type": "Feature", "properties": { "FID": 1461.0, "id": 0, "MANHOLE_PO": null }, "geometry": { "type": "Point", "coordinates": [ 30.8838753, -19.0062652 ] } },
{ "type": "Feature", "properties": { "FID": 1462.0, "id": 0, "MANHOLE_PO": null }, "geometry": { "type": "Point", "coordinates": [ 30.8839444, -19.0055596 ] } },
{ "type": "Feature", "properties": { "FID": 1463.0, "id": 0, "MANHOLE_PO": null }, "geometry": { "type": "Point", "coordinates": [ 30.8836933, -19.0063713 ] } },
{ "type": "Feature", "properties": { "FID": 1464.0, "id": 0, "MANHOLE_PO": null }, "geometry": { "type": "Point", "coordinates": [ 30.8831551, -19.0063365 ] } },
{ "type": "Feature", "properties": { "FID": 1465.0, "id": 0, "MANHOLE_PO": null }, "geometry": { "type": "Point", "coordinates": [ 30.8829774, -19.0063663 ] } },
{ "type": "Feature", "properties": { "FID": 1466.0, "id": 0, "MANHOLE_PO": null }, "geometry": { "type": "Point", "coordinates": [ 30.8822626, -19.0065364 ] } },
{ "type": "Feature", "properties": { "FID": 1467.0, "id": 0, "MANHOLE_PO": null }, "geometry": { "type": "Point", "coordinates": [ 30.8818941, -19.0065767 ] } },
{ "type": "Feature", "properties": { "FID": 1468.0, "id": 0, "MANHOLE_PO": null }, "geometry": { "type": "Point", "coordinates": [ 30.881529, -19.0066107 ] } },
{ "type": "Feature", "properties": { "FID": 1469.0, "id": 0, "MANHOLE_PO": null }, "geometry": { "type": "Point", "coordinates": [ 30.8826484, -19.0067158 ] } },
{ "type": "Feature", "properties": { "FID": 1470.0, "id": 0, "MANHOLE_PO": null }, "geometry": { "type": "Point", "coordinates": [ 30.8837961, -19.0074958 ] } },
{ "type": "Feature", "properties": { "FID": 1471.0, "id": 0, "MANHOLE_PO": null }, "geometry": { "type": "Point", "coordinates": [ 30.8830706, -19.0074621 ] } },
{ "type": "Feature", "properties": { "FID": 1472.0, "id": 0, "MANHOLE_PO": null }, "geometry": { "type": "Point", "coordinates": [ 30.8823502, -19.0075429 ] } },
{ "type": "Feature", "properties": { "FID": 1473.0, "id": 0, "MANHOLE_PO": null }, "geometry": { "type": "Point", "coordinates": [ 30.8815127, -19.0076352 ] } },
{ "type": "Feature", "properties": { "FID": 1474.0, "id": 0, "MANHOLE_PO": null }, "geometry": { "type": "Point", "coordinates": [ 30.8838211, -19.0071111 ] } },
{ "type": "Feature", "properties": { "FID": 1475.0, "id": 0, "MANHOLE_PO": null }, "geometry": { "type": "Point", "coordinates": [ 30.8830521, -19.0070736 ] } },
{ "type": "Feature", "properties": { "FID": 1476.0, "id": 0, "MANHOLE_PO": null }, "geometry": { "type": "Point", "coordinates": [ 30.87693, -19.0023033 ] } },
{ "type": "Feature", "properties": { "FID": 1477.0, "id": 0, "MANHOLE_PO": null }, "geometry": { "type": "Point", "coordinates": [ 30.8777678, -19.0024593 ] } },
{ "type": "Feature", "properties": { "FID": 1478.0, "id": 0, "MANHOLE_PO": null }, "geometry": { "type": "Point", "coordinates": [ 30.8777489, -19.0028919 ] } },
{ "type": "Feature", "properties": { "FID": 1479.0, "id": 0, "MANHOLE_PO": null }, "geometry": { "type": "Point", "coordinates": [ 30.877108, -19.0027827 ] } },
{ "type": "Feature", "properties": { "FID": 1480.0, "id": 0, "MANHOLE_PO": null }, "geometry": { "type": "Point", "coordinates": [ 30.8769045, -19.0027358 ] } },
{ "type": "Feature", "properties": { "FID": 1481.0, "id": 0, "MANHOLE_PO": null }, "geometry": { "type": "Point", "coordinates": [ 30.8769296, -19.0026025 ] } },
{ "type": "Feature", "properties": { "FID": 1482.0, "id": 0, "MANHOLE_PO": null }, "geometry": { "type": "Point", "coordinates": [ 30.8768544, -19.0024679 ] } },
{ "type": "Feature", "properties": { "FID": 1483.0, "id": 0, "MANHOLE_PO": null }, "geometry": { "type": "Point", "coordinates": [ 30.8767416, -19.0044969 ] } }
]
}
